INSERT INTO empresag.disponibilidad VALUES (1,'00:00:00'),(2,'01:00:00'),(3,'02:00:00'),(4,'03:00:00'),(5,'04:00:00'),(6,'05:00:00'),(7,'06:00:00'),(8,'07:00:00'),(9,'08:00:00'),(10,'09:00:00'),(11,'10:00:00'),(12,'11:00:00'),(13,'12:00:00'),(14,'13:00:00'),(15,'14:00:00'),(16,'15:00:00'),(17,'16:00:00'),(18,'17:00:00'),(19,'18:00:00'),(20,'19:00:00'),(21,'20:00:00'),(22,'21:00:00'),(23,'22:00:00'),(24,'23:00:00');
INSERT INTO empresag.ocupacion VALUES (1,'Maestro'),(2,'Albanil'),(3,'Carpintero'),(4,'Doctor'),(5,'Abogado');

INSERT INTO empresag.categoria (id, nombre, descripcion) VALUES (1, 'Ropa', null);
INSERT INTO empresag.categoria (id, nombre, descripcion) VALUES (2, 'Videojuegos', null);
INSERT INTO empresag.categoria (id, nombre, descripcion) VALUES (3, 'Tecnología', null);
INSERT INTO empresag.categoria (id, nombre, descripcion) VALUES (4, 'TV', null);
INSERT INTO empresag.categoria (id, nombre, descripcion) VALUES (5, 'Transporte', null);
INSERT INTO empresag.categoria (id, nombre, descripcion) VALUES (6, 'Deportes', null);

INSERT INTO empresag.subcategoria (id, nombre, descripcion) VALUES (1, 'Streetwear', null);
INSERT INTO empresag.subcategoria (id, nombre, descripcion) VALUES (2, 'Shooter', null);
INSERT INTO empresag.subcategoria (id, nombre, descripcion) VALUES (3, 'Programacion', null);
INSERT INTO empresag.subcategoria (id, nombre, descripcion) VALUES (4, 'Anime', null);
INSERT INTO empresag.subcategoria (id, nombre, descripcion) VALUES (5, 'Hardware', null);
INSERT INTO empresag.subcategoria (id, nombre, descripcion) VALUES (6, 'Automoviles', null);

INSERT INTO empresag.categoria_subcategoria (id, fk_categoria, fk_subcategoria) VALUES (1, 1, 1);
INSERT INTO empresag.categoria_subcategoria (id, fk_categoria, fk_subcategoria) VALUES (2, 2, 2);
INSERT INTO empresag.categoria_subcategoria (id, fk_categoria, fk_subcategoria) VALUES (3, 3, 3);
INSERT INTO empresag.categoria_subcategoria (id, fk_categoria, fk_subcategoria) VALUES (4, 4, 4);
INSERT INTO empresag.categoria_subcategoria (id, fk_categoria, fk_subcategoria) VALUES (5, 3, 5);
INSERT INTO empresag.categoria_subcategoria (id, fk_categoria, fk_subcategoria) VALUES (6, 5, 6);

INSERT INTO empresag.marca (id, nombre, descripcion) VALUES (1, 'Supreme', null);
INSERT INTO empresag.marca (id, nombre, descripcion) VALUES (2, 'Sony', null);
INSERT INTO empresag.marca (id, nombre, descripcion) VALUES (3, 'Vans', null);

INSERT INTO empresag.subcategoria_marca (id, fk_subcategoria, fk_marca) VALUES (1, 1, 1);
INSERT INTO empresag.subcategoria_marca (id, fk_subcategoria, fk_marca) VALUES (2, 5, 2);
INSERT INTO empresag.subcategoria_marca (id, fk_subcategoria, fk_marca) VALUES (3, 1, 3);

INSERT INTO empresag.tipo (id, nombre, descripcion) VALUES (1, 'Zapatos', null);
INSERT INTO empresag.tipo (id, nombre, descripcion) VALUES (2, 'Headsets', null);
INSERT INTO empresag.tipo (id, nombre, descripcion) VALUES (3, 'T-shirt', null);

INSERT INTO empresag.marca_tipo (id, fk_marca, fk_tipo) VALUES (1, 1, 1);
INSERT INTO empresag.marca_tipo (id, fk_marca, fk_tipo) VALUES (2, 2, 2);
INSERT INTO empresag.marca_tipo (id, fk_marca, fk_tipo) VALUES (3, 3, 3);

INSERT INTO empresag.presentacion (id, nombre, descripcion) VALUES (1, 'Old Skool', null);
INSERT INTO empresag.presentacion (id, nombre, descripcion) VALUES (2, 'Authentic', null);
INSERT INTO empresag.presentacion (id, nombre, descripcion) VALUES (3, 'Z1R Headphones', null);
INSERT INTO empresag.presentacion (id, nombre, descripcion) VALUES (4, 'MDR-Z7M2', null);
INSERT INTO empresag.presentacion (id, nombre, descripcion) VALUES (5, 'Box Logo', 'Tee White');
INSERT INTO empresag.presentacion (id, nombre, descripcion) VALUES (6, 'Futura Logo', 'Tee Black');
INSERT INTO empresag.presentacion (id, nombre, descripcion) VALUES (7, 'Good Vibes Long Sleeve', null);

INSERT INTO empresag.tipo_presentacion (id, fk_tipo, fk_presentacion) VALUES (1, 1, 1);
INSERT INTO empresag.tipo_presentacion (id, fk_tipo, fk_presentacion) VALUES (2, 1, 2);
INSERT INTO empresag.tipo_presentacion (id, fk_tipo, fk_presentacion) VALUES (3, 2, 3);
INSERT INTO empresag.tipo_presentacion (id, fk_tipo, fk_presentacion) VALUES (4, 2, 4);
INSERT INTO empresag.tipo_presentacion (id, fk_tipo, fk_presentacion) VALUES (5, 3, 5);
INSERT INTO empresag.tipo_presentacion (id, fk_tipo, fk_presentacion) VALUES (6, 3, 6);
INSERT INTO empresag.tipo_presentacion (id, fk_tipo, fk_presentacion) VALUES (7, 3, 7);

INSERT INTO empresag.tipo_pregunta (id, nombre, descripcion) VALUES (1, 'Texto Abierto', 'Respuesta libre');
INSERT INTO empresag.tipo_pregunta (id, nombre, descripcion) VALUES (2, 'Selección Simple', 'Sólo se puede seleccioanr una opción');
INSERT INTO empresag.tipo_pregunta (id, nombre, descripcion) VALUES (3, 'Selección Múltiple', null);
INSERT INTO empresag.tipo_pregunta (id, nombre, descripcion) VALUES (4, 'Verdadero y Falso', null);
INSERT INTO empresag.tipo_pregunta (id, nombre, descripcion) VALUES (5, 'Rango', 'Rango de valores numéricos');

INSERT INTO empresag.pregunta (id, pregunta, status, fk_tipo) VALUES (1, '¿Qué talla de zapatos suele usar usted?', 1, 1);
INSERT INTO empresag.pregunta (id, pregunta, status, fk_tipo) VALUES (2, '¿Cuál es tu categoría favorita de videojuegos?', 1, 2);
INSERT INTO empresag.pregunta (id, pregunta, status, fk_tipo) VALUES (3, '¿Cuál es tu género favorito de anime?', 1, 2);
INSERT INTO empresag.pregunta (id, pregunta, status, fk_tipo) VALUES (4, '¿Prefieres los headsets o los earbuds?', 1, 2);
INSERT INTO empresag.pregunta (id, pregunta, status, fk_tipo) VALUES (5, '¿Prefieres Intel o NVIDIA?', 1, 2);
INSERT INTO empresag.pregunta (id, pregunta, status, fk_tipo) VALUES (6, '¿Cuál es tu velocidad de internet? (Mb/s)', 1, 5);
INSERT INTO empresag.pregunta (id, pregunta, status, fk_tipo) VALUES (7, '¿Qué opinas del servicio de internet de tu país?', 1, 1);
INSERT INTO empresag.pregunta (id, pregunta, status, fk_tipo) VALUES (8, '¿Utilizas automóvil eléctrico o mecánico?', 1, 2);
INSERT INTO empresag.pregunta (id, pregunta, status, fk_tipo) VALUES (9, 'Si sabe qué es el Net Neutrality, ¿Qué opinas de él?', 1, 1);
INSERT INTO empresag.pregunta (id, pregunta, status, fk_tipo) VALUES (10, 'Seleccione el rango de precio mínimo y máximo por el cuál usted pagaría por un carro ($)', 1, 5);
INSERT INTO empresag.pregunta (id, pregunta, status, fk_tipo) VALUES (11, 'Seleccione qué animes de los siguientes ha visto', 1, 3);
INSERT INTO empresag.pregunta (id, pregunta, status, fk_tipo) VALUES (12, '¿Está usted familiarizado con el lenguaje de programación Python?', 1, 4);
INSERT INTO empresag.pregunta (id, pregunta, status, fk_tipo) VALUES (13, '¿De qué precio fue la pieza más cara que ha comprado? ($)', 1, 1);
INSERT INTO empresag.pregunta (id, pregunta, status, fk_tipo) VALUES (14, '¿Prefiere usted FPS o TPS?', 1, 2);
INSERT INTO empresag.pregunta (id, pregunta, status, fk_tipo) VALUES (15, '¿Qué procesador tiene?', 1, 2);
INSERT INTO empresag.pregunta (id, pregunta, status, fk_tipo) VALUES (16, '¿Maneja automóvil automático o sincrónico?', 1, 2);
INSERT INTO empresag.pregunta (id, pregunta, status, fk_tipo) VALUES (17, '¿Cuál es tu arma favorita?', 1, 2);
INSERT INTO empresag.pregunta (id, pregunta, status, fk_tipo) VALUES (18, '¿De cuántas líneas de código ha sido el proyecto más largo que ha escrito?', 1, 1);
INSERT INTO empresag.pregunta (id, pregunta, status, fk_tipo) VALUES (19, '¿Tiene un grupo de amigos para jugar en línea?', 1, 4);
INSERT INTO empresag.pregunta (id, pregunta, status, fk_tipo) VALUES (20, '¿Qué tan seguido se le daña el carro?', 1, 2);
INSERT INTO empresag.pregunta (id, pregunta, status, fk_tipo) VALUES (21, '¿Alguna vez ha comprado en una tienda underground?', 1, 4);
INSERT INTO empresag.pregunta (id, pregunta, status, fk_tipo) VALUES (22, '¿Se considera usted un buen jugador?', 1, 4);
INSERT INTO empresag.pregunta (id, pregunta, status, fk_tipo) VALUES (23, '¿Qué tallas utiliza usted?', 1, 3);
INSERT INTO empresag.pregunta (id, pregunta, status, fk_tipo) VALUES (24, 'Señale el mínimo y máximo de artículos que suele comprar cuando compra ropa', 1, 5);
INSERT INTO empresag.pregunta (id, pregunta, status, fk_tipo) VALUES (25, 'De las siguientes marcas ¿cuál es la que más le gusta?', 1, 2);

INSERT INTO empresag.pregunta_cat_subcat (id, fk_pregunta, fk_categoria, fk_subcategoria) VALUES (1, 1, 1, 1);
INSERT INTO empresag.pregunta_cat_subcat (id, fk_pregunta, fk_categoria, fk_subcategoria) VALUES (2, 2, 2, null);
INSERT INTO empresag.pregunta_cat_subcat (id, fk_pregunta, fk_categoria, fk_subcategoria) VALUES (3, 3, 4, 4);
INSERT INTO empresag.pregunta_cat_subcat (id, fk_pregunta, fk_categoria, fk_subcategoria) VALUES (4, 4, 3, 5);
INSERT INTO empresag.pregunta_cat_subcat (id, fk_pregunta, fk_categoria, fk_subcategoria) VALUES (5, 5, 3, 5);
INSERT INTO empresag.pregunta_cat_subcat (id, fk_pregunta, fk_categoria, fk_subcategoria) VALUES (6, 6, 3, 5);
INSERT INTO empresag.pregunta_cat_subcat (id, fk_pregunta, fk_categoria, fk_subcategoria) VALUES (7, 7, 3, 5);
INSERT INTO empresag.pregunta_cat_subcat (id, fk_pregunta, fk_categoria, fk_subcategoria) VALUES (8, 8, 5, 6);
INSERT INTO empresag.pregunta_cat_subcat (id, fk_pregunta, fk_categoria, fk_subcategoria) VALUES (9, 9, 3, null);
INSERT INTO empresag.pregunta_cat_subcat (id, fk_pregunta, fk_categoria, fk_subcategoria) VALUES (10, 10, 5, 6);
INSERT INTO empresag.pregunta_cat_subcat (id, fk_pregunta, fk_categoria, fk_subcategoria) VALUES (11, 11, 4, 4);
INSERT INTO empresag.pregunta_cat_subcat (id, fk_pregunta, fk_categoria, fk_subcategoria) VALUES (12, 12, 3, 3);
INSERT INTO empresag.pregunta_cat_subcat (id, fk_pregunta, fk_categoria, fk_subcategoria) VALUES (13, 13, 5, 6);
INSERT INTO empresag.pregunta_cat_subcat (id, fk_pregunta, fk_categoria, fk_subcategoria) VALUES (14, 14, 2, 2);
INSERT INTO empresag.pregunta_cat_subcat (id, fk_pregunta, fk_categoria, fk_subcategoria) VALUES (15, 15, 3, 5);
INSERT INTO empresag.pregunta_cat_subcat (id, fk_pregunta, fk_categoria, fk_subcategoria) VALUES (16, 16, 5, 6);
INSERT INTO empresag.pregunta_cat_subcat (id, fk_pregunta, fk_categoria, fk_subcategoria) VALUES (17, 17, 2, 2);
INSERT INTO empresag.pregunta_cat_subcat (id, fk_pregunta, fk_categoria, fk_subcategoria) VALUES (18, 18, 3, 3);
INSERT INTO empresag.pregunta_cat_subcat (id, fk_pregunta, fk_categoria, fk_subcategoria) VALUES (19, 19, 2, 2);
INSERT INTO empresag.pregunta_cat_subcat (id, fk_pregunta, fk_categoria, fk_subcategoria) VALUES (20, 20, 5, 6);
INSERT INTO empresag.pregunta_cat_subcat (id, fk_pregunta, fk_categoria, fk_subcategoria) VALUES (21, 21, 1, 1);
INSERT INTO empresag.pregunta_cat_subcat (id, fk_pregunta, fk_categoria, fk_subcategoria) VALUES (22, 22, 2, 2);
INSERT INTO empresag.pregunta_cat_subcat (id, fk_pregunta, fk_categoria, fk_subcategoria) VALUES (23, 23, 1, 1);
INSERT INTO empresag.pregunta_cat_subcat (id, fk_pregunta, fk_categoria, fk_subcategoria) VALUES (24, 24, 1, 1);
INSERT INTO empresag.pregunta_cat_subcat (id, fk_pregunta, fk_categoria, fk_subcategoria) VALUES (25, 25, 1, 1);

INSERT INTO empresag.opcion (id, valor, rango_inicial, rango_final) VALUES (1, 'Shooter', null, null);
INSERT INTO empresag.opcion (id, valor, rango_inicial, rango_final) VALUES (2, 'Deportes', null, null);
INSERT INTO empresag.opcion (id, valor, rango_inicial, rango_final) VALUES (3, 'Estrategia', null, null);
INSERT INTO empresag.opcion (id, valor, rango_inicial, rango_final) VALUES (4, 'RPG', null, null);
INSERT INTO empresag.opcion (id, valor, rango_inicial, rango_final) VALUES (5, 'Shonen', null, null);
INSERT INTO empresag.opcion (id, valor, rango_inicial, rango_final) VALUES (6, 'Seinen', null, null);
INSERT INTO empresag.opcion (id, valor, rango_inicial, rango_final) VALUES (7, 'Shojo', null, null);
INSERT INTO empresag.opcion (id, valor, rango_inicial, rango_final) VALUES (8, 'Isekai', null, null);
INSERT INTO empresag.opcion (id, valor, rango_inicial, rango_final) VALUES (9, 'Ecchi', null, null);
INSERT INTO empresag.opcion (id, valor, rango_inicial, rango_final) VALUES (10, 'Headsets', null, null);
INSERT INTO empresag.opcion (id, valor, rango_inicial, rango_final) VALUES (11, 'Earbuds', null, null);
INSERT INTO empresag.opcion (id, valor, rango_inicial, rango_final) VALUES (12, 'Intel', null, null);
INSERT INTO empresag.opcion (id, valor, rango_inicial, rango_final) VALUES (13, 'NVIDIA', null, null);
INSERT INTO empresag.opcion (id, valor, rango_inicial, rango_final) VALUES (14, null, 1, 100);
INSERT INTO empresag.opcion (id, valor, rango_inicial, rango_final) VALUES (15, 'Mecánico', null, null);
INSERT INTO empresag.opcion (id, valor, rango_inicial, rango_final) VALUES (16, 'Eléctrico', null, null);
INSERT INTO empresag.opcion (id, valor, rango_inicial, rango_final) VALUES (17, null, 500, 100000);
INSERT INTO empresag.opcion (id, valor, rango_inicial, rango_final) VALUES (18, 'Naruto', null, null);
INSERT INTO empresag.opcion (id, valor, rango_inicial, rango_final) VALUES (19, 'Dragon Ball', null, null);
INSERT INTO empresag.opcion (id, valor, rango_inicial, rango_final) VALUES (20, 'Full Metal Alchemist', null, null);
INSERT INTO empresag.opcion (id, valor, rango_inicial, rango_final) VALUES (21, 'Death Note', null, null);
INSERT INTO empresag.opcion (id, valor, rango_inicial, rango_final) VALUES (22, 'Shingeki No Kyojin', null, null);
INSERT INTO empresag.opcion (id, valor, rango_inicial, rango_final) VALUES (23, 'Sword Art Online', null, null);
INSERT INTO empresag.opcion (id, valor, rango_inicial, rango_final) VALUES (24, 'Verdadero', null, null);
INSERT INTO empresag.opcion (id, valor, rango_inicial, rango_final) VALUES (25, 'Falso', null, null);
INSERT INTO empresag.opcion (id, valor, rango_inicial, rango_final) VALUES (26, 'FPS', null, null);
INSERT INTO empresag.opcion (id, valor, rango_inicial, rango_final) VALUES (27, 'TPS', null, null);
INSERT INTO empresag.opcion (id, valor, rango_inicial, rango_final) VALUES (28, 'Intel', null, null);
INSERT INTO empresag.opcion (id, valor, rango_inicial, rango_final) VALUES (29, 'AMD', null, null);
INSERT INTO empresag.opcion (id, valor, rango_inicial, rango_final) VALUES (30, 'Otro', null, null);
INSERT INTO empresag.opcion (id, valor, rango_inicial, rango_final) VALUES (31, 'Automático', null, null);
INSERT INTO empresag.opcion (id, valor, rango_inicial, rango_final) VALUES (32, 'Sincrónico', null, null);
INSERT INTO empresag.opcion (id, valor, rango_inicial, rango_final) VALUES (33, 'Sniper', null, null);
INSERT INTO empresag.opcion (id, valor, rango_inicial, rango_final) VALUES (34, 'AK-47', null, null);
INSERT INTO empresag.opcion (id, valor, rango_inicial, rango_final) VALUES (35, 'AR-15', null, null);
INSERT INTO empresag.opcion (id, valor, rango_inicial, rango_final) VALUES (36, 'Glock', null, null);
INSERT INTO empresag.opcion (id, valor, rango_inicial, rango_final) VALUES (37, 'Escopeta', null, null);
INSERT INTO empresag.opcion (id, valor, rango_inicial, rango_final) VALUES (38, 'Verdadero', null, null);
INSERT INTO empresag.opcion (id, valor, rango_inicial, rango_final) VALUES (39, 'Falso', null, null);
INSERT INTO empresag.opcion (id, valor, rango_inicial, rango_final) VALUES (40, 'Una vez al mes o más seguido', null, null);
INSERT INTO empresag.opcion (id, valor, rango_inicial, rango_final) VALUES (41, 'Cada dos-cinco meses', null, null);
INSERT INTO empresag.opcion (id, valor, rango_inicial, rango_final) VALUES (42, 'Cada seis-nueve meses', null, null);
INSERT INTO empresag.opcion (id, valor, rango_inicial, rango_final) VALUES (43, 'Una vez al año', null, null);
INSERT INTO empresag.opcion (id, valor, rango_inicial, rango_final) VALUES (44, 'Menos de una vez al año', null, null);
INSERT INTO empresag.opcion (id, valor, rango_inicial, rango_final) VALUES (45, 'Verdadero', null, null);
INSERT INTO empresag.opcion (id, valor, rango_inicial, rango_final) VALUES (46, 'Falso', null, null);
INSERT INTO empresag.opcion (id, valor, rango_inicial, rango_final) VALUES (47, 'Verdadero', null, null);
INSERT INTO empresag.opcion (id, valor, rango_inicial, rango_final) VALUES (48, 'Falso', null, null);
INSERT INTO empresag.opcion (id, valor, rango_inicial, rango_final) VALUES (49, 'XS', null, null);
INSERT INTO empresag.opcion (id, valor, rango_inicial, rango_final) VALUES (50, 'S', null, null);
INSERT INTO empresag.opcion (id, valor, rango_inicial, rango_final) VALUES (51, 'M', null, null);
INSERT INTO empresag.opcion (id, valor, rango_inicial, rango_final) VALUES (52, 'L', null, null);
INSERT INTO empresag.opcion (id, valor, rango_inicial, rango_final) VALUES (53, 'XL', null, null);
INSERT INTO empresag.opcion (id, valor, rango_inicial, rango_final) VALUES (54, 'Otro', null, null);
INSERT INTO empresag.opcion (id, valor, rango_inicial, rango_final) VALUES (55, null, 1, 20);
INSERT INTO empresag.opcion (id, valor, rango_inicial, rango_final) VALUES (56, 'New Balance', null, null);
INSERT INTO empresag.opcion (id, valor, rango_inicial, rango_final) VALUES (57, 'Supreme', null, null);
INSERT INTO empresag.opcion (id, valor, rango_inicial, rango_final) VALUES (58, 'Vans', null, null);
INSERT INTO empresag.opcion (id, valor, rango_inicial, rango_final) VALUES (59, 'Adidas', null, null);
INSERT INTO empresag.opcion (id, valor, rango_inicial, rango_final) VALUES (60, 'Obey', null, null);

INSERT INTO empresag.posible_respuesta (id, fk_pregunta, fk_opcion) VALUES (1, 2, 1);
INSERT INTO empresag.posible_respuesta (id, fk_pregunta, fk_opcion) VALUES (2, 2, 2);
INSERT INTO empresag.posible_respuesta (id, fk_pregunta, fk_opcion) VALUES (3, 2, 3);
INSERT INTO empresag.posible_respuesta (id, fk_pregunta, fk_opcion) VALUES (4, 2, 4);
INSERT INTO empresag.posible_respuesta (id, fk_pregunta, fk_opcion) VALUES (5, 3, 5);
INSERT INTO empresag.posible_respuesta (id, fk_pregunta, fk_opcion) VALUES (6, 3, 6);
INSERT INTO empresag.posible_respuesta (id, fk_pregunta, fk_opcion) VALUES (7, 3, 7);
INSERT INTO empresag.posible_respuesta (id, fk_pregunta, fk_opcion) VALUES (8, 3, 8);
INSERT INTO empresag.posible_respuesta (id, fk_pregunta, fk_opcion) VALUES (9, 3, 9);
INSERT INTO empresag.posible_respuesta (id, fk_pregunta, fk_opcion) VALUES (10, 4, 10);
INSERT INTO empresag.posible_respuesta (id, fk_pregunta, fk_opcion) VALUES (11, 4, 11);
INSERT INTO empresag.posible_respuesta (id, fk_pregunta, fk_opcion) VALUES (12, 5, 12);
INSERT INTO empresag.posible_respuesta (id, fk_pregunta, fk_opcion) VALUES (13, 5, 13);
INSERT INTO empresag.posible_respuesta (id, fk_pregunta, fk_opcion) VALUES (14, 6, 14);
INSERT INTO empresag.posible_respuesta (id, fk_pregunta, fk_opcion) VALUES (15, 8, 15);
INSERT INTO empresag.posible_respuesta (id, fk_pregunta, fk_opcion) VALUES (16, 8, 16);
INSERT INTO empresag.posible_respuesta (id, fk_pregunta, fk_opcion) VALUES (17, 10, 17);
INSERT INTO empresag.posible_respuesta (id, fk_pregunta, fk_opcion) VALUES (18, 11, 18);
INSERT INTO empresag.posible_respuesta (id, fk_pregunta, fk_opcion) VALUES (19, 11, 19);
INSERT INTO empresag.posible_respuesta (id, fk_pregunta, fk_opcion) VALUES (20, 11, 20);
INSERT INTO empresag.posible_respuesta (id, fk_pregunta, fk_opcion) VALUES (21, 11, 21);
INSERT INTO empresag.posible_respuesta (id, fk_pregunta, fk_opcion) VALUES (22, 11, 22);
INSERT INTO empresag.posible_respuesta (id, fk_pregunta, fk_opcion) VALUES (23, 11, 23);
INSERT INTO empresag.posible_respuesta (id, fk_pregunta, fk_opcion) VALUES (24, 12, 24);
INSERT INTO empresag.posible_respuesta (id, fk_pregunta, fk_opcion) VALUES (25, 12, 25);
INSERT INTO empresag.posible_respuesta (id, fk_pregunta, fk_opcion) VALUES (26, 14, 26);
INSERT INTO empresag.posible_respuesta (id, fk_pregunta, fk_opcion) VALUES (27, 14, 27);
INSERT INTO empresag.posible_respuesta (id, fk_pregunta, fk_opcion) VALUES (28, 15, 28);
INSERT INTO empresag.posible_respuesta (id, fk_pregunta, fk_opcion) VALUES (29, 15, 29);
INSERT INTO empresag.posible_respuesta (id, fk_pregunta, fk_opcion) VALUES (30, 15, 30);
INSERT INTO empresag.posible_respuesta (id, fk_pregunta, fk_opcion) VALUES (31, 16, 31);
INSERT INTO empresag.posible_respuesta (id, fk_pregunta, fk_opcion) VALUES (32, 16, 32);
INSERT INTO empresag.posible_respuesta (id, fk_pregunta, fk_opcion) VALUES (33, 17, 33);
INSERT INTO empresag.posible_respuesta (id, fk_pregunta, fk_opcion) VALUES (34, 17, 34);
INSERT INTO empresag.posible_respuesta (id, fk_pregunta, fk_opcion) VALUES (35, 17, 35);
INSERT INTO empresag.posible_respuesta (id, fk_pregunta, fk_opcion) VALUES (36, 17, 36);
INSERT INTO empresag.posible_respuesta (id, fk_pregunta, fk_opcion) VALUES (37, 17, 37);
INSERT INTO empresag.posible_respuesta (id, fk_pregunta, fk_opcion) VALUES (38, 19, 38);
INSERT INTO empresag.posible_respuesta (id, fk_pregunta, fk_opcion) VALUES (39, 19, 39);
INSERT INTO empresag.posible_respuesta (id, fk_pregunta, fk_opcion) VALUES (40, 20, 40);
INSERT INTO empresag.posible_respuesta (id, fk_pregunta, fk_opcion) VALUES (41, 20, 41);
INSERT INTO empresag.posible_respuesta (id, fk_pregunta, fk_opcion) VALUES (42, 20, 42);
INSERT INTO empresag.posible_respuesta (id, fk_pregunta, fk_opcion) VALUES (43, 20, 43);
INSERT INTO empresag.posible_respuesta (id, fk_pregunta, fk_opcion) VALUES (44, 20, 44);
INSERT INTO empresag.posible_respuesta (id, fk_pregunta, fk_opcion) VALUES (45, 21, 45);
INSERT INTO empresag.posible_respuesta (id, fk_pregunta, fk_opcion) VALUES (46, 21, 46);
INSERT INTO empresag.posible_respuesta (id, fk_pregunta, fk_opcion) VALUES (47, 22, 47);
INSERT INTO empresag.posible_respuesta (id, fk_pregunta, fk_opcion) VALUES (48, 22, 48);
INSERT INTO empresag.posible_respuesta (id, fk_pregunta, fk_opcion) VALUES (49, 23, 49);
INSERT INTO empresag.posible_respuesta (id, fk_pregunta, fk_opcion) VALUES (50, 23, 50);
INSERT INTO empresag.posible_respuesta (id, fk_pregunta, fk_opcion) VALUES (51, 23, 51);
INSERT INTO empresag.posible_respuesta (id, fk_pregunta, fk_opcion) VALUES (52, 23, 52);
INSERT INTO empresag.posible_respuesta (id, fk_pregunta, fk_opcion) VALUES (53, 23, 53);
INSERT INTO empresag.posible_respuesta (id, fk_pregunta, fk_opcion) VALUES (54, 23, 54);
INSERT INTO empresag.posible_respuesta (id, fk_pregunta, fk_opcion) VALUES (55, 24, 55);
INSERT INTO empresag.posible_respuesta (id, fk_pregunta, fk_opcion) VALUES (56, 25, 56);
INSERT INTO empresag.posible_respuesta (id, fk_pregunta, fk_opcion) VALUES (57, 25, 57);
INSERT INTO empresag.posible_respuesta (id, fk_pregunta, fk_opcion) VALUES (58, 25, 58);
INSERT INTO empresag.posible_respuesta (id, fk_pregunta, fk_opcion) VALUES (59, 25, 59);
INSERT INTO empresag.posible_respuesta (id, fk_pregunta, fk_opcion) VALUES (60, 25, 60);


INSERT INTO empresag.lugar (id, nombre, tipo, fk_nivel_socioeconomico, fk_lugar) VALUES (525, 'Estados Unidos', 1, null, null);
INSERT INTO empresag.lugar (id, nombre, tipo, fk_nivel_socioeconomico, fk_lugar) VALUES (526, 'Louisiana', 2, null, 525);
INSERT INTO empresag.lugar (id, nombre, tipo, fk_nivel_socioeconomico, fk_lugar) VALUES (527, 'California', 2, null, 525);
INSERT INTO empresag.lugar (id, nombre, tipo, fk_nivel_socioeconomico, fk_lugar) VALUES (528, 'Florida', 2, null, 525);
INSERT INTO empresag.lugar (id, nombre, tipo, fk_nivel_socioeconomico, fk_lugar) VALUES (529, 'Alabama', 2, null, 525);
INSERT INTO empresag.lugar (id, nombre, tipo, fk_nivel_socioeconomico, fk_lugar) VALUES (530, 'Arkansas', 2, null, 525);
INSERT INTO empresag.lugar (id, nombre, tipo, fk_nivel_socioeconomico, fk_lugar) VALUES (531, 'Ohio', 2, null, 525);
INSERT INTO empresag.lugar (id, nombre, tipo, fk_nivel_socioeconomico, fk_lugar) VALUES (532, 'Alaska', 2, null, 525);
INSERT INTO empresag.lugar (id, nombre, tipo, fk_nivel_socioeconomico, fk_lugar) VALUES (533, 'Texas', 2, null, 525);
INSERT INTO empresag.lugar (id, nombre, tipo, fk_nivel_socioeconomico, fk_lugar) VALUES (534, 'Washington', 2, null, 525);
INSERT INTO empresag.lugar (id, nombre, tipo, fk_nivel_socioeconomico, fk_lugar) VALUES (535, 'Oregon', 2, null, 525);
INSERT INTO empresag.lugar (id, nombre, tipo, fk_nivel_socioeconomico, fk_lugar) VALUES (536, 'Virginia', 2, null, 525);
INSERT INTO empresag.lugar (id, nombre, tipo, fk_nivel_socioeconomico, fk_lugar) VALUES (537, 'West Virginia', 2, null, 525);
INSERT INTO empresag.lugar (id, nombre, tipo, fk_nivel_socioeconomico, fk_lugar) VALUES (538, 'South Dakota', 2, null, 525);
INSERT INTO empresag.lugar (id, nombre, tipo, fk_nivel_socioeconomico, fk_lugar) VALUES (539, 'North Dakota', 2, null, 525);
INSERT INTO empresag.lugar (id, nombre, tipo, fk_nivel_socioeconomico, fk_lugar) VALUES (540, 'North Carolina', 2, null, 525);
INSERT INTO empresag.lugar (id, nombre, tipo, fk_nivel_socioeconomico, fk_lugar) VALUES (541, 'South Carolina', 2, null, 525);
INSERT INTO empresag.lugar (id, nombre, tipo, fk_nivel_socioeconomico, fk_lugar) VALUES (542, 'Kansas', 2, null, 525);
INSERT INTO empresag.lugar (id, nombre, tipo, fk_nivel_socioeconomico, fk_lugar) VALUES (543, 'Nebraska', 2, null, 525);
INSERT INTO empresag.lugar (id, nombre, tipo, fk_nivel_socioeconomico, fk_lugar) VALUES (544, 'Delaware', 2, null, 525);
INSERT INTO empresag.lugar (id, nombre, tipo, fk_nivel_socioeconomico, fk_lugar) VALUES (545, 'Vermont', 2, null, 525);
INSERT INTO empresag.lugar (id, nombre, tipo, fk_nivel_socioeconomico, fk_lugar) VALUES (546, 'Distrct of Columbia', 2, null, 525);
INSERT INTO empresag.lugar (id, nombre, tipo, fk_nivel_socioeconomico, fk_lugar) VALUES (547, 'Tennessee', 2, null, 525);
INSERT INTO empresag.lugar (id, nombre, tipo, fk_nivel_socioeconomico, fk_lugar) VALUES (548, 'Massachusetts', 2, null, 525);
INSERT INTO empresag.lugar (id, nombre, tipo, fk_nivel_socioeconomico, fk_lugar) VALUES (549, 'Hawaii', 2, null, 525);
INSERT INTO empresag.lugar (id, nombre, tipo, fk_nivel_socioeconomico, fk_lugar) VALUES (550, 'Minnesotta', 2, null, 525);
INSERT INTO empresag.lugar (id, nombre, tipo, fk_nivel_socioeconomico, fk_lugar) VALUES (551, 'Maryland', 2, null, 525);
INSERT INTO empresag.lugar (id, nombre, tipo, fk_nivel_socioeconomico, fk_lugar) VALUES (552, 'Michigan', 2, null, 525);
INSERT INTO empresag.lugar (id, nombre, tipo, fk_nivel_socioeconomico, fk_lugar) VALUES (553, 'Iowa', 2, null, 525);
INSERT INTO empresag.lugar (id, nombre, tipo, fk_nivel_socioeconomico, fk_lugar) VALUES (554, 'Idaho', 2, null, 525);
INSERT INTO empresag.lugar (id, nombre, tipo, fk_nivel_socioeconomico, fk_lugar) VALUES (555, 'Ohio', 2, null, 525);
INSERT INTO empresag.lugar (id, nombre, tipo, fk_nivel_socioeconomico, fk_lugar) VALUES (556, 'Pennsylvania', 2, null, 525);
INSERT INTO empresag.lugar (id, nombre, tipo, fk_nivel_socioeconomico, fk_lugar) VALUES (557, 'Montana', 2, null, 525);
INSERT INTO empresag.lugar (id, nombre, tipo, fk_nivel_socioeconomico, fk_lugar) VALUES (558, 'Rhode Island', 2, null, 525);
INSERT INTO empresag.lugar (id, nombre, tipo, fk_nivel_socioeconomico, fk_lugar) VALUES (559, 'Maine', 2, null, 525);
INSERT INTO empresag.lugar (id, nombre, tipo, fk_nivel_socioeconomico, fk_lugar) VALUES (560, 'Nevada', 2, null, 525);

INSERT INTO empresag.nivel_socioeconomico (id, nombre) VALUES (1, 'Alto');
INSERT INTO empresag.nivel_socioeconomico (id, nombre) VALUES (2, 'Medio-Alto');
INSERT INTO empresag.nivel_socioeconomico (id, nombre) VALUES (3, 'Medio');
INSERT INTO empresag.nivel_socioeconomico (id, nombre) VALUES (4, 'Medio-Bajo');
INSERT INTO empresag.nivel_socioeconomico (id, nombre) VALUES (5, 'Bajo');
INSERT INTO empresag.nivel_socioeconomico (id, nombre) VALUES (6, 'Extrema Pobreza');

INSERT INTO empresag.nivel_academico (id, nombre) VALUES (1, 'Ninguno');
INSERT INTO empresag.nivel_academico (id, nombre) VALUES (2, 'Primaria');
INSERT INTO empresag.nivel_academico (id, nombre) VALUES (3, 'Secundaria');
INSERT INTO empresag.nivel_academico (id, nombre) VALUES (4, 'Técnico Superior');
INSERT INTO empresag.nivel_academico (id, nombre) VALUES (5, 'Universitario');
INSERT INTO empresag.nivel_academico (id, nombre) VALUES (6, 'Maestría');
INSERT INTO empresag.nivel_academico (id, nombre) VALUES (7, 'Doctorado');

INSERT INTO empresag.genero (id, nombre) VALUES (1, 'Masculino');
INSERT INTO empresag.genero (id, nombre) VALUES (2, 'Femenino');
INSERT INTO empresag.genero (id, nombre) VALUES (3, 'Otro');

INSERT INTO empresag.edo_civil (id, nombre) VALUES (1, 'Soltero');
INSERT INTO empresag.edo_civil (id, nombre) VALUES (2, 'Casado');
INSERT INTO empresag.edo_civil (id, nombre) VALUES (3, 'Divorciado');
INSERT INTO empresag.edo_civil (id, nombre) VALUES (4, 'Unión libre o Concubinato');
INSERT INTO empresag.edo_civil (id, nombre) VALUES (5, 'Separado');
INSERT INTO empresag.edo_civil (id, nombre) VALUES (6, 'Viudo');

INSERT INTO empresag.estudio (id, fecha_realizacion, fecha_culminacion, estado, fk_analisis) VALUES (1, '2020-12-04', null, 1, null);
INSERT INTO empresag.estudio (id, fecha_realizacion, fecha_culminacion, estado, fk_analisis) VALUES (2, '2020-07-02', null, 1, null);
INSERT INTO empresag.estudio (id, fecha_realizacion, fecha_culminacion, estado, fk_analisis) VALUES (3, '2020-07-03', null, 1, null);
INSERT INTO empresag.estudio (id, fecha_realizacion, fecha_culminacion, estado, fk_analisis) VALUES (4, '2018-03-02', null, 1, null);
INSERT INTO empresag.estudio (id, fecha_realizacion, fecha_culminacion, estado, fk_analisis) VALUES (5, '2017-03-03', null, 1, null);
INSERT INTO empresag.estudio (id, fecha_realizacion, fecha_culminacion, estado, fk_analisis) VALUES (6, '2020-06-05', null, 1, null);

INSERT INTO empresag.pregunta_estudio (id, requerido, fk_estudio, fk_pregunta) VALUES (1, 1, 1, 1);
INSERT INTO empresag.pregunta_estudio (id, requerido, fk_estudio, fk_pregunta) VALUES (2, 1, 1, 13);
INSERT INTO empresag.pregunta_estudio (id, requerido, fk_estudio, fk_pregunta) VALUES (3, 1, 1, 21);
INSERT INTO empresag.pregunta_estudio (id, requerido, fk_estudio, fk_pregunta) VALUES (4, 1, 1, 23);
INSERT INTO empresag.pregunta_estudio (id, requerido, fk_estudio, fk_pregunta) VALUES (5, 1, 1, 24);
INSERT INTO empresag.pregunta_estudio (id, requerido, fk_estudio, fk_pregunta) VALUES (6, 1, 1, 25);

INSERT INTO empresag.rol (id, nombre) VALUES (1, 'Administrador');
INSERT INTO empresag.rol (id, nombre) VALUES (2, 'Analista');
INSERT INTO empresag.rol (id, nombre) VALUES (3, 'Cliente');
INSERT INTO empresag.rol (id, nombre) VALUES (4, 'Encuestado');

INSERT INTO empresag.persona (id, primer_nombre, segundo_nombre, primer_apellido, segundo_apellido, documento_identidad, fecha_nacimiento, fk_genero, fk_edo_civil, fk_persona, fk_lugar, numero_personas_encasa, fk_disponibilidad_inicial, fk_disponibilidad_final) values (1, 'Abba', null, 'O'' Culligan', null, 'O3YO5XDFGE', '2001/05/18', 2, 5, null, 525, 6, null, null);
INSERT INTO empresag.persona (id, primer_nombre, segundo_nombre, primer_apellido, segundo_apellido, documento_identidad, fecha_nacimiento, fk_genero, fk_edo_civil, fk_persona, fk_lugar, numero_personas_encasa, fk_disponibilidad_inicial, fk_disponibilidad_final) values (2, 'Alaster', null, 'Awmack', null, 'HGVEGQK7', '1981/05/29', 1, 5, null, 525, 7, null, null);
INSERT INTO empresag.persona (id, primer_nombre, segundo_nombre, primer_apellido, segundo_apellido, documento_identidad, fecha_nacimiento, fk_genero, fk_edo_civil, fk_persona, fk_lugar, numero_personas_encasa, fk_disponibilidad_inicial, fk_disponibilidad_final) values (3, 'Heddie', null, 'Pender', null, 'FASWW2F1', '1986/01/22', 3, 4, null, 525, 4, null, null);
INSERT INTO empresag.persona (id, primer_nombre, segundo_nombre, primer_apellido, segundo_apellido, documento_identidad, fecha_nacimiento, fk_genero, fk_edo_civil, fk_persona, fk_lugar, numero_personas_encasa, fk_disponibilidad_inicial, fk_disponibilidad_final) values (4, 'Hermon', null, 'Bendix', null, 'MPZIFGMJT', '1982/02/14', 2, 3, null, 525, 1, null, null);
INSERT INTO empresag.persona (id, primer_nombre, segundo_nombre, primer_apellido, segundo_apellido, documento_identidad, fecha_nacimiento, fk_genero, fk_edo_civil, fk_persona, fk_lugar, numero_personas_encasa, fk_disponibilidad_inicial, fk_disponibilidad_final) values (5, 'Aluino', null, 'Freezor', null, 'I57DOWDAJKCK', '1995/04/26', 2, 4, null, 525, 2, null, null);
INSERT INTO empresag.persona (id, primer_nombre, segundo_nombre, primer_apellido, segundo_apellido, documento_identidad, fecha_nacimiento, fk_genero, fk_edo_civil, fk_persona, fk_lugar, numero_personas_encasa, fk_disponibilidad_inicial, fk_disponibilidad_final) values (6, 'Darb', null, 'Dewen', null, 'YGSLVGKEWR', '1988/04/14', 3, 3, null, 525, 5, null, null);
INSERT INTO empresag.persona (id, primer_nombre, segundo_nombre, primer_apellido, segundo_apellido, documento_identidad, fecha_nacimiento, fk_genero, fk_edo_civil, fk_persona, fk_lugar, numero_personas_encasa, fk_disponibilidad_inicial, fk_disponibilidad_final) values (7, 'Noell', null, 'Dudney', null, 'WIXRNSSIO3LP', '1982/11/19', 2, 3, null, 525, 10, null, null);
INSERT INTO empresag.persona (id, primer_nombre, segundo_nombre, primer_apellido, segundo_apellido, documento_identidad, fecha_nacimiento, fk_genero, fk_edo_civil, fk_persona, fk_lugar, numero_personas_encasa, fk_disponibilidad_inicial, fk_disponibilidad_final) values (8, 'Edita', null, 'Gush', null, 'WU6OLEO', '1991/06/02', 1, 4, null, 525, 9, null, null);
INSERT INTO empresag.persona (id, primer_nombre, segundo_nombre, primer_apellido, segundo_apellido, documento_identidad, fecha_nacimiento, fk_genero, fk_edo_civil, fk_persona, fk_lugar, numero_personas_encasa, fk_disponibilidad_inicial, fk_disponibilidad_final) values (9, 'Alan', null, 'Shambrooke', null, '0O38DYF', '1973/12/28', 2, 2, null, 525, 7, null, null);
INSERT INTO empresag.persona (id, primer_nombre, segundo_nombre, primer_apellido, segundo_apellido, documento_identidad, fecha_nacimiento, fk_genero, fk_edo_civil, fk_persona, fk_lugar, numero_personas_encasa, fk_disponibilidad_inicial, fk_disponibilidad_final) values (10, 'Guthry', null, 'Yukhnov', null, '8CEEV8PRIQ', '1986/03/17', 2, 6, null, 525, 1, null, null);
INSERT INTO empresag.persona (id, primer_nombre, segundo_nombre, primer_apellido, segundo_apellido, documento_identidad, fecha_nacimiento, fk_genero, fk_edo_civil, fk_persona, fk_lugar, numero_personas_encasa, fk_disponibilidad_inicial, fk_disponibilidad_final) values (11, 'Hedda', null, 'Tearney', null, 'IEYGAHIZXC', '2001/11/02', 2, 4, null, 525, 10, null, null);
INSERT INTO empresag.persona (id, primer_nombre, segundo_nombre, primer_apellido, segundo_apellido, documento_identidad, fecha_nacimiento, fk_genero, fk_edo_civil, fk_persona, fk_lugar, numero_personas_encasa, fk_disponibilidad_inicial, fk_disponibilidad_final) values (12, 'Farlee', null, 'Nye', null, 'RGHXQTLV', '1992/02/16', 1, 2, null, 525, 1, null, null);
INSERT INTO empresag.persona (id, primer_nombre, segundo_nombre, primer_apellido, segundo_apellido, documento_identidad, fecha_nacimiento, fk_genero, fk_edo_civil, fk_persona, fk_lugar, numero_personas_encasa, fk_disponibilidad_inicial, fk_disponibilidad_final) values (13, 'Luther', null, 'Lefridge', null, 'FA6I4J', '1982/08/17', 1, 6, null, 525, 8, null, null);
INSERT INTO empresag.persona (id, primer_nombre, segundo_nombre, primer_apellido, segundo_apellido, documento_identidad, fecha_nacimiento, fk_genero, fk_edo_civil, fk_persona, fk_lugar, numero_personas_encasa, fk_disponibilidad_inicial, fk_disponibilidad_final) values (14, 'Annnora', null, 'Ongin', null, 'GLVA2MITCG', '1974/01/23', 1, 1, null, 525, 3, null, null);
INSERT INTO empresag.persona (id, primer_nombre, segundo_nombre, primer_apellido, segundo_apellido, documento_identidad, fecha_nacimiento, fk_genero, fk_edo_civil, fk_persona, fk_lugar, numero_personas_encasa, fk_disponibilidad_inicial, fk_disponibilidad_final) values (15, 'Jess', null, 'Annett', null, 'ET8HQSZ', '1993/07/27', 2, 2, null, 525, 5, null, null);
INSERT INTO empresag.persona (id, primer_nombre, segundo_nombre, primer_apellido, segundo_apellido, documento_identidad, fecha_nacimiento, fk_genero, fk_edo_civil, fk_persona, fk_lugar, numero_personas_encasa, fk_disponibilidad_inicial, fk_disponibilidad_final) values (16, 'Marianna', null, 'Blaxeland', null, 'GJQRZB0AUX', '1982/02/02', 3, 4, null, 525, 10, null, null);
INSERT INTO empresag.persona (id, primer_nombre, segundo_nombre, primer_apellido, segundo_apellido, documento_identidad, fecha_nacimiento, fk_genero, fk_edo_civil, fk_persona, fk_lugar, numero_personas_encasa, fk_disponibilidad_inicial, fk_disponibilidad_final) values (17, 'Montague', null, 'Doumerc', null, '2RE3GE9ZCRGY', '1984/09/28', 3, 2, null, 525, 5, null, null);
INSERT INTO empresag.persona (id, primer_nombre, segundo_nombre, primer_apellido, segundo_apellido, documento_identidad, fecha_nacimiento, fk_genero, fk_edo_civil, fk_persona, fk_lugar, numero_personas_encasa, fk_disponibilidad_inicial, fk_disponibilidad_final) values (18, 'Peyton', null, 'Mortlock', null, '1IVTXENGESAG', '1993/10/20', 2, 5, null, 525, 9, null, null);
INSERT INTO empresag.persona (id, primer_nombre, segundo_nombre, primer_apellido, segundo_apellido, documento_identidad, fecha_nacimiento, fk_genero, fk_edo_civil, fk_persona, fk_lugar, numero_personas_encasa, fk_disponibilidad_inicial, fk_disponibilidad_final) values (19, 'Celestyn', null, 'Thorington', null, 'SXCK6OH8LZ', '1979/08/09', 1, 5, null, 525, 10, null, null);
INSERT INTO empresag.persona (id, primer_nombre, segundo_nombre, primer_apellido, segundo_apellido, documento_identidad, fecha_nacimiento, fk_genero, fk_edo_civil, fk_persona, fk_lugar, numero_personas_encasa, fk_disponibilidad_inicial, fk_disponibilidad_final) values (20, 'Seymour', null, 'Castellani', null, 'MA4DKW6IQPW', '1981/09/02', 3, 3, null, 525, 1, null, null);
INSERT INTO empresag.persona (id, primer_nombre, segundo_nombre, primer_apellido, segundo_apellido, documento_identidad, fecha_nacimiento, fk_genero, fk_edo_civil, fk_persona, fk_lugar, numero_personas_encasa, fk_disponibilidad_inicial, fk_disponibilidad_final) values (21, 'Saxon', null, 'Abramovic', null, 'HI2MZWY3ZSG', '1999/08/21', 3, 1, null, 525, 2, null, null);
INSERT INTO empresag.persona (id, primer_nombre, segundo_nombre, primer_apellido, segundo_apellido, documento_identidad, fecha_nacimiento, fk_genero, fk_edo_civil, fk_persona, fk_lugar, numero_personas_encasa, fk_disponibilidad_inicial, fk_disponibilidad_final) values (22, 'Lanie', null, 'Plank', null, 'NI5CFZZ', '1991/03/10', 2, 4, null, 525, 7, null, null);
INSERT INTO empresag.persona (id, primer_nombre, segundo_nombre, primer_apellido, segundo_apellido, documento_identidad, fecha_nacimiento, fk_genero, fk_edo_civil, fk_persona, fk_lugar, numero_personas_encasa, fk_disponibilidad_inicial, fk_disponibilidad_final) values (23, 'Zollie', null, 'Yegorev', null, 'W4PUYNXD6TIG', '1997/08/29', 3, 6, null, 525, 10, null, null);
INSERT INTO empresag.persona (id, primer_nombre, segundo_nombre, primer_apellido, segundo_apellido, documento_identidad, fecha_nacimiento, fk_genero, fk_edo_civil, fk_persona, fk_lugar, numero_personas_encasa, fk_disponibilidad_inicial, fk_disponibilidad_final) values (24, 'Emmanuel', null, 'Nibloe', null, 'W0IXSDACPG', '1980/10/07', 3, 4, null, 525, 10, null, null);
INSERT INTO empresag.persona (id, primer_nombre, segundo_nombre, primer_apellido, segundo_apellido, documento_identidad, fecha_nacimiento, fk_genero, fk_edo_civil, fk_persona, fk_lugar, numero_personas_encasa, fk_disponibilidad_inicial, fk_disponibilidad_final) values (25, 'Tonye', null, 'Maddie', null, '2H7MJYRTMPTD', '1977/01/19', 1, 6, null, 525, 1, null, null);
INSERT INTO empresag.persona (id, primer_nombre, segundo_nombre, primer_apellido, segundo_apellido, documento_identidad, fecha_nacimiento, fk_genero, fk_edo_civil, fk_persona, fk_lugar, numero_personas_encasa, fk_disponibilidad_inicial, fk_disponibilidad_final) values (26, 'Andonis', null, 'Ray', null, 'KEYHVNYHBDG', '1977/08/21', 2, 5, null, 525, 5, null, null);
INSERT INTO empresag.persona (id, primer_nombre, segundo_nombre, primer_apellido, segundo_apellido, documento_identidad, fecha_nacimiento, fk_genero, fk_edo_civil, fk_persona, fk_lugar, numero_personas_encasa, fk_disponibilidad_inicial, fk_disponibilidad_final) values (27, 'Porty', null, 'Shenton', null, 'ZDYSDNDHT', '1973/02/08', 3, 5, null, 525, 9, null, null);
INSERT INTO empresag.persona (id, primer_nombre, segundo_nombre, primer_apellido, segundo_apellido, documento_identidad, fecha_nacimiento, fk_genero, fk_edo_civil, fk_persona, fk_lugar, numero_personas_encasa, fk_disponibilidad_inicial, fk_disponibilidad_final) values (28, 'Austina', null, 'Bartolomivis', null, 'VKFODYD1F', '1989/11/09', 1, 2, null, 525, 1, null, null);
INSERT INTO empresag.persona (id, primer_nombre, segundo_nombre, primer_apellido, segundo_apellido, documento_identidad, fecha_nacimiento, fk_genero, fk_edo_civil, fk_persona, fk_lugar, numero_personas_encasa, fk_disponibilidad_inicial, fk_disponibilidad_final) values (29, 'Marsha', null, 'McCahill', null, '5R4SSH', '1983/06/22', 2, 6, null, 525, 3, null, null);
INSERT INTO empresag.persona (id, primer_nombre, segundo_nombre, primer_apellido, segundo_apellido, documento_identidad, fecha_nacimiento, fk_genero, fk_edo_civil, fk_persona, fk_lugar, numero_personas_encasa, fk_disponibilidad_inicial, fk_disponibilidad_final) values (30, 'Nixie', null, 'Pinner', null, 'U1WQXPY4NEEU', '1985/02/28', 2, 6, null, 525, 3, null, null);
INSERT INTO empresag.persona (id, primer_nombre, segundo_nombre, primer_apellido, segundo_apellido, documento_identidad, fecha_nacimiento, fk_genero, fk_edo_civil, fk_persona, fk_lugar, numero_personas_encasa, fk_disponibilidad_inicial, fk_disponibilidad_final) values (31, 'Tyne', null, 'Skittle', null, 'FCOI3AWKY', '1998/12/14', 2, 5, null, 525, 9, null, null);
INSERT INTO empresag.persona (id, primer_nombre, segundo_nombre, primer_apellido, segundo_apellido, documento_identidad, fecha_nacimiento, fk_genero, fk_edo_civil, fk_persona, fk_lugar, numero_personas_encasa, fk_disponibilidad_inicial, fk_disponibilidad_final) values (32, 'Aimil', null, 'Kinrade', null, 'VK1Y5OSC', '1975/07/15', 3, 4, null, 525, 8, null, null);
INSERT INTO empresag.persona (id, primer_nombre, segundo_nombre, primer_apellido, segundo_apellido, documento_identidad, fecha_nacimiento, fk_genero, fk_edo_civil, fk_persona, fk_lugar, numero_personas_encasa, fk_disponibilidad_inicial, fk_disponibilidad_final) values (33, 'Aeriell', null, 'Cogley', null, 'KHYH9AERPXB', '1986/12/17', 1, 5, null, 525, 9, null, null);
INSERT INTO empresag.persona (id, primer_nombre, segundo_nombre, primer_apellido, segundo_apellido, documento_identidad, fecha_nacimiento, fk_genero, fk_edo_civil, fk_persona, fk_lugar, numero_personas_encasa, fk_disponibilidad_inicial, fk_disponibilidad_final) values (34, 'Ruth', null, 'Colbran', null, 'QZMBYV55M', '1977/10/23', 3, 3, null, 525, 7, null, null);
INSERT INTO empresag.persona (id, primer_nombre, segundo_nombre, primer_apellido, segundo_apellido, documento_identidad, fecha_nacimiento, fk_genero, fk_edo_civil, fk_persona, fk_lugar, numero_personas_encasa, fk_disponibilidad_inicial, fk_disponibilidad_final) values (35, 'Magdalene', null, 'Fogden', null, 'CCIZAPEUOTEG', '1981/03/07', 2, 6, null, 525, 9, null, null);
INSERT INTO empresag.persona (id, primer_nombre, segundo_nombre, primer_apellido, segundo_apellido, documento_identidad, fecha_nacimiento, fk_genero, fk_edo_civil, fk_persona, fk_lugar, numero_personas_encasa, fk_disponibilidad_inicial, fk_disponibilidad_final) values (36, 'Elmore', null, 'Nicklin', null, 'FUIFVEQRZIUU', '1984/02/28', 1, 2, null, 525, 5, null, null);
INSERT INTO empresag.persona (id, primer_nombre, segundo_nombre, primer_apellido, segundo_apellido, documento_identidad, fecha_nacimiento, fk_genero, fk_edo_civil, fk_persona, fk_lugar, numero_personas_encasa, fk_disponibilidad_inicial, fk_disponibilidad_final) values (37, 'Chris', null, 'Baldock', null, 'PUJPSV', '1973/01/10', 2, 6, null, 525, 1, null, null);
INSERT INTO empresag.persona (id, primer_nombre, segundo_nombre, primer_apellido, segundo_apellido, documento_identidad, fecha_nacimiento, fk_genero, fk_edo_civil, fk_persona, fk_lugar, numero_personas_encasa, fk_disponibilidad_inicial, fk_disponibilidad_final) values (38, 'Eryn', null, 'Dancy', null, 'AMJTSF1', '1999/11/16', 1, 1, null, 525, 7, null, null);
INSERT INTO empresag.persona (id, primer_nombre, segundo_nombre, primer_apellido, segundo_apellido, documento_identidad, fecha_nacimiento, fk_genero, fk_edo_civil, fk_persona, fk_lugar, numero_personas_encasa, fk_disponibilidad_inicial, fk_disponibilidad_final) values (39, 'Morly', null, 'Errichiello', null, 'IZPBD7BZ3AFM', '2002/01/15', 2, 5, null, 525, 6, null, null);
INSERT INTO empresag.persona (id, primer_nombre, segundo_nombre, primer_apellido, segundo_apellido, documento_identidad, fecha_nacimiento, fk_genero, fk_edo_civil, fk_persona, fk_lugar, numero_personas_encasa, fk_disponibilidad_inicial, fk_disponibilidad_final) values (40, 'Beverley', null, 'Beagan', null, '0T8QGSS65OL', '1976/12/05', 1, 2, null, 525, 8, null, null);
INSERT INTO empresag.persona (id, primer_nombre, segundo_nombre, primer_apellido, segundo_apellido, documento_identidad, fecha_nacimiento, fk_genero, fk_edo_civil, fk_persona, fk_lugar, numero_personas_encasa, fk_disponibilidad_inicial, fk_disponibilidad_final) values (41, 'Fran', null, 'Hedon', null, 'SYFNH4', '1989/08/24', 3, 2, null, 1, 4, null, null);
INSERT INTO empresag.persona (id, primer_nombre, segundo_nombre, primer_apellido, segundo_apellido, documento_identidad, fecha_nacimiento, fk_genero, fk_edo_civil, fk_persona, fk_lugar, numero_personas_encasa, fk_disponibilidad_inicial, fk_disponibilidad_final) values (42, 'Maryanna', null, 'Munks', null, 'H5YLWZR', '1989/03/05', 1, 5, null, 1, 8, null, null);
INSERT INTO empresag.persona (id, primer_nombre, segundo_nombre, primer_apellido, segundo_apellido, documento_identidad, fecha_nacimiento, fk_genero, fk_edo_civil, fk_persona, fk_lugar, numero_personas_encasa, fk_disponibilidad_inicial, fk_disponibilidad_final) values (43, 'Magdalen', null, 'Hazelby', null, 'Z5URLVSCMCPL', '1971/01/07', 1, 6, null, 1, 7, null, null);
INSERT INTO empresag.persona (id, primer_nombre, segundo_nombre, primer_apellido, segundo_apellido, documento_identidad, fecha_nacimiento, fk_genero, fk_edo_civil, fk_persona, fk_lugar, numero_personas_encasa, fk_disponibilidad_inicial, fk_disponibilidad_final) values (44, 'Bogart', null, 'Vickerstaff', null, '1C6LXLEJMOZ', '1992/01/12', 2, 6, null, 1, 8, null, null);
INSERT INTO empresag.persona (id, primer_nombre, segundo_nombre, primer_apellido, segundo_apellido, documento_identidad, fecha_nacimiento, fk_genero, fk_edo_civil, fk_persona, fk_lugar, numero_personas_encasa, fk_disponibilidad_inicial, fk_disponibilidad_final) values (45, 'Eb', null, 'Tradewell', null, 'NFVFGGDN', '1975/08/27', 3, 5, null, 1, 8, null, null);
INSERT INTO empresag.persona (id, primer_nombre, segundo_nombre, primer_apellido, segundo_apellido, documento_identidad, fecha_nacimiento, fk_genero, fk_edo_civil, fk_persona, fk_lugar, numero_personas_encasa, fk_disponibilidad_inicial, fk_disponibilidad_final) values (46, 'Godart', null, 'Kaley', null, 'YYJCJFG', '1976/05/22', 3, 6, null, 1, 3, null, null);
INSERT INTO empresag.persona (id, primer_nombre, segundo_nombre, primer_apellido, segundo_apellido, documento_identidad, fecha_nacimiento, fk_genero, fk_edo_civil, fk_persona, fk_lugar, numero_personas_encasa, fk_disponibilidad_inicial, fk_disponibilidad_final) values (47, 'Fernande', null, 'Klaaasen', null, 'KXDXFEW8VMVM', '1990/05/12', 2, 1, null, 1, 9, null, null);
INSERT INTO empresag.persona (id, primer_nombre, segundo_nombre, primer_apellido, segundo_apellido, documento_identidad, fecha_nacimiento, fk_genero, fk_edo_civil, fk_persona, fk_lugar, numero_personas_encasa, fk_disponibilidad_inicial, fk_disponibilidad_final) values (48, 'Reilly', null, 'Clink', null, 'ETZZEN6NWNJ', '1972/03/23', 3, 5, null, 1, 10, null, null);
INSERT INTO empresag.persona (id, primer_nombre, segundo_nombre, primer_apellido, segundo_apellido, documento_identidad, fecha_nacimiento, fk_genero, fk_edo_civil, fk_persona, fk_lugar, numero_personas_encasa, fk_disponibilidad_inicial, fk_disponibilidad_final) values (49, 'Llywellyn', null, 'Witherbed', null, 'TKR4T9PXI', '1996/06/29', 3, 1, null, 1, 5, null, null);
INSERT INTO empresag.persona (id, primer_nombre, segundo_nombre, primer_apellido, segundo_apellido, documento_identidad, fecha_nacimiento, fk_genero, fk_edo_civil, fk_persona, fk_lugar, numero_personas_encasa, fk_disponibilidad_inicial, fk_disponibilidad_final) values (50, 'Tudor', null, 'Skarr', null, 'REARNFPR4ZP', '1976/10/31', 2, 1, null, 1, 6, null, null);
INSERT INTO empresag.persona (id, primer_nombre, segundo_nombre, primer_apellido, segundo_apellido, documento_identidad, fecha_nacimiento, fk_genero, fk_edo_civil, fk_persona, fk_lugar, numero_personas_encasa, fk_disponibilidad_inicial, fk_disponibilidad_final) values (51, 'Ric', null, 'Thurley', null, 'K9UYC1', '1981/07/06', 2, 5, null, 1, 6, null, null);
INSERT INTO empresag.persona (id, primer_nombre, segundo_nombre, primer_apellido, segundo_apellido, documento_identidad, fecha_nacimiento, fk_genero, fk_edo_civil, fk_persona, fk_lugar, numero_personas_encasa, fk_disponibilidad_inicial, fk_disponibilidad_final) values (52, 'Chrissy', null, 'Gilstin', null, 'SISRAK', '1983/12/15', 3, 2, null, 1, 4, null, null);
INSERT INTO empresag.persona (id, primer_nombre, segundo_nombre, primer_apellido, segundo_apellido, documento_identidad, fecha_nacimiento, fk_genero, fk_edo_civil, fk_persona, fk_lugar, numero_personas_encasa, fk_disponibilidad_inicial, fk_disponibilidad_final) values (53, 'Waring', null, 'Tyrie', null, 'QEQ4QU6QRZ0', '1997/08/16', 2, 2, null, 1, 4, null, null);
INSERT INTO empresag.persona (id, primer_nombre, segundo_nombre, primer_apellido, segundo_apellido, documento_identidad, fecha_nacimiento, fk_genero, fk_edo_civil, fk_persona, fk_lugar, numero_personas_encasa, fk_disponibilidad_inicial, fk_disponibilidad_final) values (54, 'Lorrie', null, 'Sowood', null, 'LC0OZG6F', '1982/10/20', 1, 4, null, 1, 1, null, null);
INSERT INTO empresag.persona (id, primer_nombre, segundo_nombre, primer_apellido, segundo_apellido, documento_identidad, fecha_nacimiento, fk_genero, fk_edo_civil, fk_persona, fk_lugar, numero_personas_encasa, fk_disponibilidad_inicial, fk_disponibilidad_final) values (55, 'Rupert', null, 'Wattam', null, '85MBMG6Q', '1980/12/08', 1, 3, null, 1, 2, null, null);
INSERT INTO empresag.persona (id, primer_nombre, segundo_nombre, primer_apellido, segundo_apellido, documento_identidad, fecha_nacimiento, fk_genero, fk_edo_civil, fk_persona, fk_lugar, numero_personas_encasa, fk_disponibilidad_inicial, fk_disponibilidad_final) values (56, 'Elsey', null, 'Haburne', null, 'AI3MBCTVK54I', '2000/06/12', 2, 5, null, 1, 1, null, null);
INSERT INTO empresag.persona (id, primer_nombre, segundo_nombre, primer_apellido, segundo_apellido, documento_identidad, fecha_nacimiento, fk_genero, fk_edo_civil, fk_persona, fk_lugar, numero_personas_encasa, fk_disponibilidad_inicial, fk_disponibilidad_final) values (57, 'Gerty', null, 'Pochon', null, '6VZYEFSYTCQO', '1976/04/30', 1, 2, null, 1, 7, null, null);
INSERT INTO empresag.persona (id, primer_nombre, segundo_nombre, primer_apellido, segundo_apellido, documento_identidad, fecha_nacimiento, fk_genero, fk_edo_civil, fk_persona, fk_lugar, numero_personas_encasa, fk_disponibilidad_inicial, fk_disponibilidad_final) values (58, 'Collette', null, 'Nattriss', null, 'GZLPZOFB', '2001/05/28', 3, 6, null, 1, 10, null, null);
INSERT INTO empresag.persona (id, primer_nombre, segundo_nombre, primer_apellido, segundo_apellido, documento_identidad, fecha_nacimiento, fk_genero, fk_edo_civil, fk_persona, fk_lugar, numero_personas_encasa, fk_disponibilidad_inicial, fk_disponibilidad_final) values (59, 'Sebastian', null, 'Farahar', null, 'VLWCSIAST', '1980/11/25', 1, 4, null, 1, 7, null, null);
INSERT INTO empresag.persona (id, primer_nombre, segundo_nombre, primer_apellido, segundo_apellido, documento_identidad, fecha_nacimiento, fk_genero, fk_edo_civil, fk_persona, fk_lugar, numero_personas_encasa, fk_disponibilidad_inicial, fk_disponibilidad_final) values (60, 'Blane', null, 'Waddy', null, 'FV1DKKFCY', '1981/11/06', 1, 6, null, 1, 3, null, null);
INSERT INTO empresag.persona (id, primer_nombre, segundo_nombre, primer_apellido, segundo_apellido, documento_identidad, fecha_nacimiento, fk_genero, fk_edo_civil, fk_persona, fk_lugar, numero_personas_encasa, fk_disponibilidad_inicial, fk_disponibilidad_final) values (61, 'Sebastien', null, 'Rigg', null, 'IW5PTXNHC', '1971/12/28', 2, 5, null, 1, 10, null, null);
INSERT INTO empresag.persona (id, primer_nombre, segundo_nombre, primer_apellido, segundo_apellido, documento_identidad, fecha_nacimiento, fk_genero, fk_edo_civil, fk_persona, fk_lugar, numero_personas_encasa, fk_disponibilidad_inicial, fk_disponibilidad_final) values (62, 'Paulie', null, 'Kevis', null, 'AQZKQAFAFVVM', '1997/06/19', 2, 5, null, 1, 2, null, null);
INSERT INTO empresag.persona (id, primer_nombre, segundo_nombre, primer_apellido, segundo_apellido, documento_identidad, fecha_nacimiento, fk_genero, fk_edo_civil, fk_persona, fk_lugar, numero_personas_encasa, fk_disponibilidad_inicial, fk_disponibilidad_final) values (63, 'Omar', null, 'Hernandez', null, 'GIMZXCZAQRCI', '1970/02/07', 1, 3, null, 1, 3, null, null);
INSERT INTO empresag.persona (id, primer_nombre, segundo_nombre, primer_apellido, segundo_apellido, documento_identidad, fecha_nacimiento, fk_genero, fk_edo_civil, fk_persona, fk_lugar, numero_personas_encasa, fk_disponibilidad_inicial, fk_disponibilidad_final) values (64, 'Lazarot', null, 'Common', null, 'LT2BKK', '1994/10/20', 1, 1, null, 1, 3, null, null);
INSERT INTO empresag.persona (id, primer_nombre, segundo_nombre, primer_apellido, segundo_apellido, documento_identidad, fecha_nacimiento, fk_genero, fk_edo_civil, fk_persona, fk_lugar, numero_personas_encasa, fk_disponibilidad_inicial, fk_disponibilidad_final) values (65, 'Elliott', null, 'Lindhe', null, 'LE2D8PIOJ', '1973/11/11', 1, 6, null, 1, 8, null, null);
INSERT INTO empresag.persona (id, primer_nombre, segundo_nombre, primer_apellido, segundo_apellido, documento_identidad, fecha_nacimiento, fk_genero, fk_edo_civil, fk_persona, fk_lugar, numero_personas_encasa, fk_disponibilidad_inicial, fk_disponibilidad_final) values (66, 'Levey', null, 'Vynehall', null, 'QSBZWKQ', '1980/01/18', 2, 2, null, 1, 6, null, null);
INSERT INTO empresag.persona (id, primer_nombre, segundo_nombre, primer_apellido, segundo_apellido, documento_identidad, fecha_nacimiento, fk_genero, fk_edo_civil, fk_persona, fk_lugar, numero_personas_encasa, fk_disponibilidad_inicial, fk_disponibilidad_final) values (67, 'Celestine', null, 'Blasgen', null, 'S40QBTJLUTG', '1986/08/19', 2, 1, null, 1, 6, null, null);
INSERT INTO empresag.persona (id, primer_nombre, segundo_nombre, primer_apellido, segundo_apellido, documento_identidad, fecha_nacimiento, fk_genero, fk_edo_civil, fk_persona, fk_lugar, numero_personas_encasa, fk_disponibilidad_inicial, fk_disponibilidad_final) values (68, 'Lesly', null, 'Danilovitch', null, 'QB0GT7', '1977/11/28', 3, 5, null, 1, 1, null, null);
INSERT INTO empresag.persona (id, primer_nombre, segundo_nombre, primer_apellido, segundo_apellido, documento_identidad, fecha_nacimiento, fk_genero, fk_edo_civil, fk_persona, fk_lugar, numero_personas_encasa, fk_disponibilidad_inicial, fk_disponibilidad_final) values (69, 'Leesa', null, 'Le Noire', null, 'EDOHL4LSGP', '2001/01/12', 2, 5, null, 1, 4, null, null);
INSERT INTO empresag.persona (id, primer_nombre, segundo_nombre, primer_apellido, segundo_apellido, documento_identidad, fecha_nacimiento, fk_genero, fk_edo_civil, fk_persona, fk_lugar, numero_personas_encasa, fk_disponibilidad_inicial, fk_disponibilidad_final) values (70, 'Sanji', null, 'Mell', null, 'QB1EOU54', '1988/10/29', 1, 1, null, 1, 3, null, null);
INSERT INTO empresag.persona (id, primer_nombre, segundo_nombre, primer_apellido, segundo_apellido, documento_identidad, fecha_nacimiento, fk_genero, fk_edo_civil, fk_persona, fk_lugar, numero_personas_encasa, fk_disponibilidad_inicial, fk_disponibilidad_final) values (71, 'Algernon', null, 'Hardbattle', null, 'OA1TJISFNFJD', '1970/06/07', 1, 5, null, 1, 10, null, null);
INSERT INTO empresag.persona (id, primer_nombre, segundo_nombre, primer_apellido, segundo_apellido, documento_identidad, fecha_nacimiento, fk_genero, fk_edo_civil, fk_persona, fk_lugar, numero_personas_encasa, fk_disponibilidad_inicial, fk_disponibilidad_final) values (72, 'Alessandro', null, 'Overton', null, 'AGV7PD4D', '1970/05/22', 2, 4, null, 1, 2, null, null);
INSERT INTO empresag.persona (id, primer_nombre, segundo_nombre, primer_apellido, segundo_apellido, documento_identidad, fecha_nacimiento, fk_genero, fk_edo_civil, fk_persona, fk_lugar, numero_personas_encasa, fk_disponibilidad_inicial, fk_disponibilidad_final) values (73, 'Constantina', null, 'Steere', null, 'MYL0A7HEG8', '1988/06/24', 2, 4, null, 1, 3, null, null);
INSERT INTO empresag.persona (id, primer_nombre, segundo_nombre, primer_apellido, segundo_apellido, documento_identidad, fecha_nacimiento, fk_genero, fk_edo_civil, fk_persona, fk_lugar, numero_personas_encasa, fk_disponibilidad_inicial, fk_disponibilidad_final) values (74, 'Bobine', null, 'Blasoni', null, 'GELHKC', '1989/07/01', 2, 2, null, 1, 4, null, null);
INSERT INTO empresag.persona (id, primer_nombre, segundo_nombre, primer_apellido, segundo_apellido, documento_identidad, fecha_nacimiento, fk_genero, fk_edo_civil, fk_persona, fk_lugar, numero_personas_encasa, fk_disponibilidad_inicial, fk_disponibilidad_final) values (75, 'Nanete', null, 'Saffer', null, 'GMGOE8HC0BXH', '1987/09/16', 1, 4, null, 1, 7, null, null);
INSERT INTO empresag.persona (id, primer_nombre, segundo_nombre, primer_apellido, segundo_apellido, documento_identidad, fecha_nacimiento, fk_genero, fk_edo_civil, fk_persona, fk_lugar, numero_personas_encasa, fk_disponibilidad_inicial, fk_disponibilidad_final) values (76, 'Timmie', null, 'Hayden', null, 'NLKZQES1JD9', '1979/03/03', 3, 2, null, 1, 7, null, null);
INSERT INTO empresag.persona (id, primer_nombre, segundo_nombre, primer_apellido, segundo_apellido, documento_identidad, fecha_nacimiento, fk_genero, fk_edo_civil, fk_persona, fk_lugar, numero_personas_encasa, fk_disponibilidad_inicial, fk_disponibilidad_final) values (77, 'Britteny', null, 'Brunstan', null, 'GLYQFVUZA6', '1974/06/11', 3, 2, null, 1, 3, null, null);
INSERT INTO empresag.persona (id, primer_nombre, segundo_nombre, primer_apellido, segundo_apellido, documento_identidad, fecha_nacimiento, fk_genero, fk_edo_civil, fk_persona, fk_lugar, numero_personas_encasa, fk_disponibilidad_inicial, fk_disponibilidad_final) values (78, 'Elinor', null, 'Philippon', null, '8MOXNWRBT', '1972/10/08', 1, 1, null, 1, 5, null, null);
INSERT INTO empresag.persona (id, primer_nombre, segundo_nombre, primer_apellido, segundo_apellido, documento_identidad, fecha_nacimiento, fk_genero, fk_edo_civil, fk_persona, fk_lugar, numero_personas_encasa, fk_disponibilidad_inicial, fk_disponibilidad_final) values (79, 'Elias', null, 'Wedmore.', null, 'TATG8MLKHXB', '1983/08/28', 1, 1, null, 1, 2, null, null);
INSERT INTO empresag.persona (id, primer_nombre, segundo_nombre, primer_apellido, segundo_apellido, documento_identidad, fecha_nacimiento, fk_genero, fk_edo_civil, fk_persona, fk_lugar, numero_personas_encasa, fk_disponibilidad_inicial, fk_disponibilidad_final) values (80, 'Leonora', null, 'Leyband', null, 'ZEML5GCLX', '1987/05/31', 3, 6, null, 1, 2, null, null);
INSERT INTO empresag.persona (id, primer_nombre, segundo_nombre, primer_apellido, segundo_apellido, documento_identidad, fecha_nacimiento, fk_genero, fk_edo_civil, fk_persona, fk_lugar, numero_personas_encasa, fk_disponibilidad_inicial, fk_disponibilidad_final) values (81, 'Bartram', null, 'Starie', null, '5SUCUY', '1988/08/15', 1, 3, null, 1, 7, null, null);
INSERT INTO empresag.persona (id, primer_nombre, segundo_nombre, primer_apellido, segundo_apellido, documento_identidad, fecha_nacimiento, fk_genero, fk_edo_civil, fk_persona, fk_lugar, numero_personas_encasa, fk_disponibilidad_inicial, fk_disponibilidad_final) values (82, 'Kevin', null, 'Ollcott', null, 'YJ19RW1ZBMT', '1978/01/22', 1, 4, null, 1, 1, null, null);
INSERT INTO empresag.persona (id, primer_nombre, segundo_nombre, primer_apellido, segundo_apellido, documento_identidad, fecha_nacimiento, fk_genero, fk_edo_civil, fk_persona, fk_lugar, numero_personas_encasa, fk_disponibilidad_inicial, fk_disponibilidad_final) values (83, 'Lukas', null, 'Fullwood', null, '2O2VWAOLB', '1998/03/29', 2, 1, null, 1, 3, null, null);
INSERT INTO empresag.persona (id, primer_nombre, segundo_nombre, primer_apellido, segundo_apellido, documento_identidad, fecha_nacimiento, fk_genero, fk_edo_civil, fk_persona, fk_lugar, numero_personas_encasa, fk_disponibilidad_inicial, fk_disponibilidad_final) values (84, 'Corinne', null, 'Varvell', null, 'SKYX0O7Y8Z', '1988/11/12', 2, 1, null, 1, 4, null, null);
INSERT INTO empresag.persona (id, primer_nombre, segundo_nombre, primer_apellido, segundo_apellido, documento_identidad, fecha_nacimiento, fk_genero, fk_edo_civil, fk_persona, fk_lugar, numero_personas_encasa, fk_disponibilidad_inicial, fk_disponibilidad_final) values (85, 'Elie', null, 'Artindale', null, 'X0GKIM', '1979/02/07', 2, 1, null, 1, 4, null, null);
INSERT INTO empresag.persona (id, primer_nombre, segundo_nombre, primer_apellido, segundo_apellido, documento_identidad, fecha_nacimiento, fk_genero, fk_edo_civil, fk_persona, fk_lugar, numero_personas_encasa, fk_disponibilidad_inicial, fk_disponibilidad_final) values (86, 'Bordy', null, 'O''Hingerty', null, '0G6D1IZZK4Y', '1973/08/01', 3, 3, null, 1, 8, null, null);
INSERT INTO empresag.persona (id, primer_nombre, segundo_nombre, primer_apellido, segundo_apellido, documento_identidad, fecha_nacimiento, fk_genero, fk_edo_civil, fk_persona, fk_lugar, numero_personas_encasa, fk_disponibilidad_inicial, fk_disponibilidad_final) values (87, 'Udale', null, 'Risborough', null, 'L8Z1B3', '1974/05/15', 1, 4, null, 1, 6, null, null);
INSERT INTO empresag.persona (id, primer_nombre, segundo_nombre, primer_apellido, segundo_apellido, documento_identidad, fecha_nacimiento, fk_genero, fk_edo_civil, fk_persona, fk_lugar, numero_personas_encasa, fk_disponibilidad_inicial, fk_disponibilidad_final) values (88, 'Freeman', null, 'Belhome', null, 'XJ5RIHYEN0P', '1978/09/25', 1, 6, null, 1, 6, null, null);
INSERT INTO empresag.persona (id, primer_nombre, segundo_nombre, primer_apellido, segundo_apellido, documento_identidad, fecha_nacimiento, fk_genero, fk_edo_civil, fk_persona, fk_lugar, numero_personas_encasa, fk_disponibilidad_inicial, fk_disponibilidad_final) values (89, 'Cate', null, 'Bramham', null, 'PJ3DEILXDXAN', '1989/06/05', 2, 3, null, 1, 2, null, null);
INSERT INTO empresag.persona (id, primer_nombre, segundo_nombre, primer_apellido, segundo_apellido, documento_identidad, fecha_nacimiento, fk_genero, fk_edo_civil, fk_persona, fk_lugar, numero_personas_encasa, fk_disponibilidad_inicial, fk_disponibilidad_final) values (90, 'Derrik', null, 'Hampshire', null, 'OLLMOXTB8US', '2002/03/31', 1, 3, null, 1, 10, null, null);
INSERT INTO empresag.persona (id, primer_nombre, segundo_nombre, primer_apellido, segundo_apellido, documento_identidad, fecha_nacimiento, fk_genero, fk_edo_civil, fk_persona, fk_lugar, numero_personas_encasa, fk_disponibilidad_inicial, fk_disponibilidad_final) values (91, 'Beverlie', null, 'Galier', null, 'UR23ERM9H', '1992/02/29', 3, 4, null, 1, 3, null, null);
INSERT INTO empresag.persona (id, documento_identidad, primer_nombre, segundo_nombre, primer_apellido, segundo_apellido, fecha_nacimiento, fk_genero, fk_edo_civil, fk_persona, fk_lugar, numero_personas_encasa, fk_disponibilidad_inicial, fk_disponibilidad_final) VALUES (92, 'DF4G5E5F63', 'Frank', null, 'Hesse', null, '1999-01-08', 1, 1, null, 1, 2, null, null);
INSERT INTO empresag.persona (id, documento_identidad, primer_nombre, segundo_nombre, primer_apellido, segundo_apellido, fecha_nacimiento, fk_genero, fk_edo_civil, fk_persona, fk_lugar, numero_personas_encasa, fk_disponibilidad_inicial, fk_disponibilidad_final) VALUES (93, 'W56D6F5G4W', 'Tate', null, 'Langdon', null, '1997-07-09', 1, 1, null, 1, 3, null, null);
INSERT INTO empresag.persona (id, documento_identidad, primer_nombre, segundo_nombre, primer_apellido, segundo_apellido, fecha_nacimiento, fk_genero, fk_edo_civil, fk_persona, fk_lugar, numero_personas_encasa, fk_disponibilidad_inicial, fk_disponibilidad_final) VALUES (94, 'GF5R56D6W4', 'Edward', null, 'Meyer', null, '1986-07-02', 1, 2, null, 1, 3, null, null);
INSERT INTO empresag.persona (id, documento_identidad, primer_nombre, segundo_nombre, primer_apellido, segundo_apellido, fecha_nacimiento, fk_genero, fk_edo_civil, fk_persona, fk_lugar, numero_personas_encasa, fk_disponibilidad_inicial, fk_disponibilidad_final) VALUES (95, 'DF4R5E8W7R', 'Nathan', null, 'Graves', null, '2000-06-08', 1, 3, null, 1, 1, null, null);
INSERT INTO empresag.persona (id, documento_identidad, primer_nombre, segundo_nombre, primer_apellido, segundo_apellido, fecha_nacimiento, fk_genero, fk_edo_civil, fk_persona, fk_lugar, numero_personas_encasa, fk_disponibilidad_inicial, fk_disponibilidad_final) VALUES (96, 'DVFD5R65G4', 'Nick', null, 'Kromaneyer', null, '1997-06-10', 1, 1, null, 1, null, null, null);
INSERT INTO empresag.persona (id, documento_identidad, primer_nombre, segundo_nombre, primer_apellido, segundo_apellido, fecha_nacimiento, fk_genero, fk_edo_civil, fk_persona, fk_lugar, numero_personas_encasa, fk_disponibilidad_inicial, fk_disponibilidad_final) VALUES (97, 'VNRUEUSK55', 'Johan', null, 'Watzke', null, '1985-06-04', 1, null, null, 1, 1, null, null);
INSERT INTO empresag.persona (id, documento_identidad, primer_nombre, segundo_nombre, primer_apellido, segundo_apellido, fecha_nacimiento, fk_genero, fk_edo_civil, fk_persona, fk_lugar, numero_personas_encasa, fk_disponibilidad_inicial, fk_disponibilidad_final) VALUES (98, 'DS4FDF6E5E', 'Allison', null, 'Matchwitz', null, '2020-06-03', 2, 2, null, 1, 1, null, null);
INSERT INTO empresag.persona (id, documento_identidad, primer_nombre, segundo_nombre, primer_apellido, segundo_apellido, fecha_nacimiento, fk_genero, fk_edo_civil, fk_persona, fk_lugar, numero_personas_encasa, fk_disponibilidad_inicial, fk_disponibilidad_final) VALUES (99, 'DSEU55353A', 'Rick', null, 'Derringer', null, '1999-06-07', 1, 1, null, null, 4, null, null);
INSERT INTO empresag.persona (id, documento_identidad, primer_nombre, segundo_nombre, primer_apellido, segundo_apellido, fecha_nacimiento, fk_genero, fk_edo_civil, fk_persona, fk_lugar, numero_personas_encasa, fk_disponibilidad_inicial, fk_disponibilidad_final) VALUES (100, 'DSSFDE3535', 'Peter', null, 'Nopsycho', null, '2020-06-05', 1, 1, null, null, 2, null, null);

INSERT INTO empresag.usuario (id, email, password, estado, fk_persona, fk_rol) values (1, 'mmathew0@apple.com', 'koSDDM', 1, 1, 4);
INSERT INTO empresag.usuario (id, email, password, estado, fk_persona, fk_rol) values (2, 'tshelborne1@163.com', 'BYhuTLBXF', 1, 2, 4);
INSERT INTO empresag.usuario (id, email, password, estado, fk_persona, fk_rol) values (3, 'dbesemer2@wikispaces.com', 'WczlhdhUWzrH', 1, 3, 4);
INSERT INTO empresag.usuario (id, email, password, estado, fk_persona, fk_rol) values (4, 'eglencross3@auda.org.au', 'dFXm8m4ul', 1, 4, 4);
INSERT INTO empresag.usuario (id, email, password, estado, fk_persona, fk_rol) values (5, 'gbonnavant4@rambler.ru', 'GvX7AMJoqmMI', 1, 5, 4);
INSERT INTO empresag.usuario (id, email, password, estado, fk_persona, fk_rol) values (6, 'fchildes5@va.gov', 'SqGT4DA4b', 1, 6, 4);
INSERT INTO empresag.usuario (id, email, password, estado, fk_persona, fk_rol) values (7, 'clillo6@constantcontact.com', 'eHM7k9', 1, 7, 4);
INSERT INTO empresag.usuario (id, email, password, estado, fk_persona, fk_rol) values (8, 'tfayne7@samsung.com', 'EqD98a4stD6c', 1, 8, 4);
INSERT INTO empresag.usuario (id, email, password, estado, fk_persona, fk_rol) values (9, 'jtuck8@bbb.org', 'h4por4X5', 1, 9, 4);
INSERT INTO empresag.usuario (id, email, password, estado, fk_persona, fk_rol) values (10, 'vohare9@nps.gov', 'xThshzta', 1, 10, 4);
INSERT INTO empresag.usuario (id, email, password, estado, fk_persona, fk_rol) values (11, 'jwhitleya@canalblog.com', 'PKm82r', 1, 11, 2);
INSERT INTO empresag.usuario (id, email, password, estado, fk_persona, fk_rol) values (12, 'calyokhinb@t-online.de', '3JdgTo9dCj', 1, 12, 4);
INSERT INTO empresag.usuario (id, email, password, estado, fk_persona, fk_rol) values (13, 'abezleyc@businessinsider.com', '5keZeM0a', 1, 13, 4);
INSERT INTO empresag.usuario (id, email, password, estado, fk_persona, fk_rol) values (14, 'dmorforthd@oaic.gov.au', '1MQCXpgRf', 1, 14, 4);
INSERT INTO empresag.usuario (id, email, password, estado, fk_persona, fk_rol) values (15, 'kcourtenaye@photobucket.com', 'DhEuroqmW7', 1, 15, 4);
INSERT INTO empresag.usuario (id, email, password, estado, fk_persona, fk_rol) values (16, 'ddroganf@icio.us', 'hLt9m44oTrG', 1, 16, 4);
INSERT INTO empresag.usuario (id, email, password, estado, fk_persona, fk_rol) values (17, 'ejonuzig@whitehouse.gov', 'DohvXjcN', 1, 17, 4);
INSERT INTO empresag.usuario (id, email, password, estado, fk_persona, fk_rol) values (18, 'bcreaghh@google.co.jp', 'Ub23KMr', 1, 18, 4);
INSERT INTO empresag.usuario (id, email, password, estado, fk_persona, fk_rol) values (19, 'bduiguidi@sfgate.com', '6QIxbPIyu7', 1, 19, 4);
INSERT INTO empresag.usuario (id, email, password, estado, fk_persona, fk_rol) values (20, 'bleschellej@bloglines.com', 'UBWOyW4d', 1, 20, 4);
INSERT INTO empresag.usuario (id, email, password, estado, fk_persona, fk_rol) values (21, 'sprestagek@weebly.com', '6hO7IQadQQ5', 1, 21, 4);
INSERT INTO empresag.usuario (id, email, password, estado, fk_persona, fk_rol) values (22, 'ywoolleyl@wordpress.org', 'TjSfudAne', 1, 22, 4);
INSERT INTO empresag.usuario (id, email, password, estado, fk_persona, fk_rol) values (23, 'bpedelm@examiner.com', 'GoQzdhota', 1, 23, 4);
INSERT INTO empresag.usuario (id, email, password, estado, fk_persona, fk_rol) values (24, 'slanstonn@pen.io', '5fYgt5DO', 1, 24, 4);
INSERT INTO empresag.usuario (id, email, password, estado, fk_persona, fk_rol) values (25, 'rolivellio@ted.com', '7XQlFHY', 1, 25, 4);
INSERT INTO empresag.usuario (id, email, password, estado, fk_persona, fk_rol) values (26, 'rdugaldp@google.ru', '5WG2blDz8r4g', 1, 26, 4);
INSERT INTO empresag.usuario (id, email, password, estado, fk_persona, fk_rol) values (27, 'lmorsonq@vkontakte.ru', 'XPgaCEvHinTn', 1, 27, 4);
INSERT INTO empresag.usuario (id, email, password, estado, fk_persona, fk_rol) values (28, 'eoldenr@vimeo.com', '8a4MeP94WP', 1, 28, 4);
INSERT INTO empresag.usuario (id, email, password, estado, fk_persona, fk_rol) values (29, 'rgreetlands@netlog.com', 'sNUe310Hz', 1, 29, 4);
INSERT INTO empresag.usuario (id, email, password, estado, fk_persona, fk_rol) values (30, 'jjeromet@gmpg.org', 'd6FKLcgqvlh1', 1, 30, 4);
INSERT INTO empresag.usuario (id, email, password, estado, fk_persona, fk_rol) values (31, 'tviggarsu@pagesperso-orange.fr', '2ETO2c6BuX', 1, 31, 4);
INSERT INTO empresag.usuario (id, email, password, estado, fk_persona, fk_rol) values (32, 'etarbetv@icq.com', '2ERHia0nOj', 1, 32, 4);
INSERT INTO empresag.usuario (id, email, password, estado, fk_persona, fk_rol) values (33, 'gvennerw@yelp.com', '39IBBlT3N8t', 1, 33, 4);
INSERT INTO empresag.usuario (id, email, password, estado, fk_persona, fk_rol) values (34, 'abrightx@tiny.cc', 'GWjoPYsvFg2', 1, 34, 4);
INSERT INTO empresag.usuario (id, email, password, estado, fk_persona, fk_rol) values (35, 'alamacrafty@bbc.co.uk', 'rCzgQu9WjGr', 1, 35, 4);
INSERT INTO empresag.usuario (id, email, password, estado, fk_persona, fk_rol) values (36, 'esipsonz@biblegateway.com', 'su7Dw2c', 1, 36, 4);
INSERT INTO empresag.usuario (id, email, password, estado, fk_persona, fk_rol) values (37, 'nsebley10@example.com', 'llnW3zVZN9', 1, 37, 4);
INSERT INTO empresag.usuario (id, email, password, estado, fk_persona, fk_rol) values (38, 'trutter11@constantcontact.com', '8BeNPaV9xmr', 1, 38, 4);
INSERT INTO empresag.usuario (id, email, password, estado, fk_persona, fk_rol) values (39, 'bodee12@dagondesign.com', 'wotv2vk3Tz', 1, 39, 4);
INSERT INTO empresag.usuario (id, email, password, estado, fk_persona, fk_rol) values (40, 'fcharrette13@digg.com', 'XeVYd1oRdKwh', 1, 40, 4);
INSERT INTO empresag.usuario (id, email, password, estado, fk_persona, fk_rol) values (41, 'ccaso14@tiny.cc', 'Ew1Eiw', 1, 41, 4);
INSERT INTO empresag.usuario (id, email, password, estado, fk_persona, fk_rol) values (42, 'nsegrave15@macromedia.com', 'ObxObRtUMmb', 1, 42, 4);
INSERT INTO empresag.usuario (id, email, password, estado, fk_persona, fk_rol) values (43, 'rrobart16@free.fr', 'x8avUuVQzD0Q', 1, 43, 4);
INSERT INTO empresag.usuario (id, email, password, estado, fk_persona, fk_rol) values (44, 'bwiggall17@microsoft.com', 'I6goFQglgwG', 1, 44, 4);
INSERT INTO empresag.usuario (id, email, password, estado, fk_persona, fk_rol) values (45, 'rsendall18@ihg.com', 'bqWF0z2K9jrM', 1, 45, 4);
INSERT INTO empresag.usuario (id, email, password, estado, fk_persona, fk_rol) values (46, 'btregaskis19@booking.com', 'JRxIhC76jTw', 1, 46, 4);
INSERT INTO empresag.usuario (id, email, password, estado, fk_persona, fk_rol) values (47, 'dculwen1a@sakura.ne.jp', 'gSJjzaA', 1, 47, 4);
INSERT INTO empresag.usuario (id, email, password, estado, fk_persona, fk_rol) values (48, 'smalam1b@whitehouse.gov', '4AmYej9pZZE', 1, 48, 4);
INSERT INTO empresag.usuario (id, email, password, estado, fk_persona, fk_rol) values (49, 'sryam1c@multiply.com', 'B0wzcJF', 1, 49, 4);
INSERT INTO empresag.usuario (id, email, password, estado, fk_persona, fk_rol) values (50, 'dferreri1d@smugmug.com', 'CxbCkgJedFC', 1, 50, 4);
INSERT INTO empresag.usuario (id, email, password, estado, fk_persona, fk_rol) values (51, 'etranckle1e@guardian.co.uk', '8sE2O1', 1, 51, 4);
INSERT INTO empresag.usuario (id, email, password, estado, fk_persona, fk_rol) values (52, 'lwhitman1f@who.int', '1ZmV7P', 1, 52, 4);
INSERT INTO empresag.usuario (id, email, password, estado, fk_persona, fk_rol) values (53, 'tjeandet1g@altervista.org', 'nqHzC2s4D', 1, 53, 4);
INSERT INTO empresag.usuario (id, email, password, estado, fk_persona, fk_rol) values (54, 'qpeinton1h@timesonline.co.uk', '2rxVGyxT', 1, 54, 4);
INSERT INTO empresag.usuario (id, email, password, estado, fk_persona, fk_rol) values (55, 'rgioani1i@uiuc.edu', '9pCwVkNjP', 1, 55, 4);
INSERT INTO empresag.usuario (id, email, password, estado, fk_persona, fk_rol) values (56, 'mbernette1j@constantcontact.com', 'Gy3wKnBFcP0', 1, 56, 4);
INSERT INTO empresag.usuario (id, email, password, estado, fk_persona, fk_rol) values (57, 'acharsley1k@istockphoto.com', '6rtn7x', 1, 57, 4);
INSERT INTO empresag.usuario (id, email, password, estado, fk_persona, fk_rol) values (58, 'kgrealy1l@hud.gov', 'UusYJjMb', 1, 58, 4);
INSERT INTO empresag.usuario (id, email, password, estado, fk_persona, fk_rol) values (59, 'dscolland1m@wordpress.org', 'UTtu92ijGMm6', 1, 59, 4);
INSERT INTO empresag.usuario (id, email, password, estado, fk_persona, fk_rol) values (60, 'nmessingham1n@noaa.gov', 'uKzlufjfOF56', 1, 60, 4);
INSERT INTO empresag.usuario (id, email, password, estado, fk_persona, fk_rol) values (61, 'jbulley1o@imdb.com', '8gAPS1Klm', 1, 61, 4);
INSERT INTO empresag.usuario (id, email, password, estado, fk_persona, fk_rol) values (62, 'owhitear1p@artisteer.com', 'YSelkSF', 1, 62, 4);
INSERT INTO empresag.usuario (id, email, password, estado, fk_persona, fk_rol) values (63, 'fepinoy1q@techcrunch.com', 'BB2WDdbBTOL', 1, 63, 4);
INSERT INTO empresag.usuario (id, email, password, estado, fk_persona, fk_rol) values (64, 'sroscoe1r@xrea.com', 'sAl04mypM', 1, 64, 4);
INSERT INTO empresag.usuario (id, email, password, estado, fk_persona, fk_rol) values (65, 'tkeating1s@arizona.edu', '3S20jy7U1D6r', 1, 65, 4);
INSERT INTO empresag.usuario (id, email, password, estado, fk_persona, fk_rol) values (66, 'abusher1t@bbb.org', 'qSCU0bMfPr3C', 1, 66, 4);
INSERT INTO empresag.usuario (id, email, password, estado, fk_persona, fk_rol) values (67, 'gjervis1u@fema.gov', 'RRb28HoWO3QF', 1, 67, 4);
INSERT INTO empresag.usuario (id, email, password, estado, fk_persona, fk_rol) values (68, 'aseelbach1v@va.gov', 'bkgcL6zH', 1, 68, 4);
INSERT INTO empresag.usuario (id, email, password, estado, fk_persona, fk_rol) values (69, 'myaakov1w@independent.co.uk', 'BHBA2CnxvO', 1, 69, 4);
INSERT INTO empresag.usuario (id, email, password, estado, fk_persona, fk_rol) values (70, 'bpencott1x@skype.com', 'ncMYj579nE', 1, 70, 4);
INSERT INTO empresag.usuario (id, email, password, estado, fk_persona, fk_rol) values (71, 'lmesant1y@bbc.co.uk', 'oDD8z6', 1, 71, 4);
INSERT INTO empresag.usuario (id, email, password, estado, fk_persona, fk_rol) values (72, 'acoules1z@a8.net', 'CTG2Hd7', 1, 72, 4);
INSERT INTO empresag.usuario (id, email, password, estado, fk_persona, fk_rol) values (73, 'gmoyser20@unesco.org', '9BgwXFy', 1, 73, 4);
INSERT INTO empresag.usuario (id, email, password, estado, fk_persona, fk_rol) values (74, 'bsmithin21@wunderground.com', 'ZtqmW319', 1, 74, 4);
INSERT INTO empresag.usuario (id, email, password, estado, fk_persona, fk_rol) values (75, 'nsurgey22@sbwire.com', 'bYQKr5Sipl', 1, 75, 4);
INSERT INTO empresag.usuario (id, email, password, estado, fk_persona, fk_rol) values (76, 'isibbert23@webnode.com', 'Tzmce3ePx7', 1, 76, 4);
INSERT INTO empresag.usuario (id, email, password, estado, fk_persona, fk_rol) values (77, 'lgrishunin24@opensource.org', 'RogdvDW', 1, 77, 4);
INSERT INTO empresag.usuario (id, email, password, estado, fk_persona, fk_rol) values (78, 'screbbin25@youtu.be', 'jRhnSa', 1, 78, 4);
INSERT INTO empresag.usuario (id, email, password, estado, fk_persona, fk_rol) values (79, 'bocooney26@google.fr', 'aWLai0sJz', 1, 79, 4);
INSERT INTO empresag.usuario (id, email, password, estado, fk_persona, fk_rol) values (80, 'spendlenton27@yelp.com', 'iiGydDCpKT', 1, 80, 4);
INSERT INTO empresag.usuario (id, email, password, estado, fk_persona, fk_rol) values (81, 'eolley28@pen.io', 'P6sagC3', 1, 81, 4);
INSERT INTO empresag.usuario (id, email, password, estado, fk_persona, fk_rol) values (82, 'hsamet29@ovh.net', 'PfBSc8G6SQ', 1, 82, 4);
INSERT INTO empresag.usuario (id, email, password, estado, fk_persona, fk_rol) values (83, 'vkristof2a@storify.com', '60LRWbUG', 1, 83, 4);
INSERT INTO empresag.usuario (id, email, password, estado, fk_persona, fk_rol) values (84, 'foakey2b@bizjournals.com', 'IZW67vtYtWbs', 1, 84, 4);
INSERT INTO empresag.usuario (id, email, password, estado, fk_persona, fk_rol) values (85, 'bmellody2c@independent.co.uk', 'dVpVkIALn', 1, 85, 4);
INSERT INTO empresag.usuario (id, email, password, estado, fk_persona, fk_rol) values (86, 'mvandalen2d@ihg.com', 'jdSgy792yDk0', 1, 86, 4);
INSERT INTO empresag.usuario (id, email, password, estado, fk_persona, fk_rol) values (87, 'agilffilland2e@stanford.edu', 'XwAgmjR7War', 1, 87, 4);
INSERT INTO empresag.usuario (id, email, password, estado, fk_persona, fk_rol) values (88, 'ascriver2f@amazon.co.jp', 'R0VdRlsF', 1, 88, 4);
INSERT INTO empresag.usuario (id, email, password, estado, fk_persona, fk_rol) values (89, 'mbrastead2g@free.fr', 'A3Nd6z', 1, 89, 4);
INSERT INTO empresag.usuario (id, email, password, estado, fk_persona, fk_rol) values (90, 'hthorne2h@amazon.de', 'GodbbMMD', 1, 90, 4);
INSERT INTO empresag.usuario (id, email, password, estado, fk_persona, fk_rol) values (91, 'mbrumbye2i@webnode.com', 'VCbWJwjwcBg', 1, 91, 4);
INSERT INTO empresag.usuario (id, email, password, estado, fk_persona, fk_rol) VALUES (92, 'hyperschnell11@outlook.sk', '123456789', 92, null, 1);
INSERT INTO empresag.usuario (id, email, password, estado, fk_persona, fk_rol) VALUES (93, 'tatelangdon@gmail.ca', '123456789', 1, null, 2);
INSERT INTO empresag.usuario (id, email, password, estado, fk_persona, fk_rol) VALUES (94, 'eternalwaltz@gmail.ca', '123456789', 1, null, 3);
INSERT INTO empresag.usuario (id, email, password, estado, fk_persona, fk_rol) VALUES (95, 'saintfaline@gmail.ca', '123456789', 1, 95, 4);
INSERT INTO empresag.usuario (id, email, password, estado, fk_persona, fk_rol) VALUES (96, 'yungtricky@gmail.ca', '123456789', 1, null, 3);
INSERT INTO empresag.usuario (id, email, password, estado, fk_persona, fk_rol) VALUES (97, 'jhwatzke@gmail.ca', '123456789', 1, 93, 4);
INSERT INTO empresag.usuario (id, email, password, estado, fk_persona, fk_rol) VALUES (98, 'bumpsindanight@gmail.ca', '123456789', 1, 98, 4);
INSERT INTO empresag.usuario (id, email, password, estado, fk_persona, fk_rol) VALUES (99, 'skthereaper@gmail.ca', '123456789', 1, 99, 4);
INSERT INTO empresag.usuario (id, email, password, estado, fk_persona, fk_rol) VALUES (100, 'iamnopsycho@protonmail.com', '123456789', 1, 100, 4);

INSERT INTO empresag.solicitud (id, estado, fk_usuario) VALUES (1, 0, 94);
INSERT INTO empresag.solicitud (id, estado, fk_usuario) VALUES (2, 0, 94);
INSERT INTO empresag.solicitud (id, estado, fk_usuario) VALUES (3, 0, 96);

INSERT INTO empresag.filtro (id, fk_estudio, tipo_filtro_lugar, edad_minima, edad_maxima, fk_nivel_socioeconomico, fk_edo_civil, fk_nivel_academico, fk_genero, fk_lugar, fk_categoria, fk_subcategoria, fk_solicitud) VALUES (1, 1, 1, 15, 45, 3, null, 2, 1, 1, 1, 1, null);
INSERT INTO empresag.filtro (id, fk_estudio, tipo_filtro_lugar, edad_minima, edad_maxima, fk_nivel_socioeconomico, fk_edo_civil, fk_nivel_academico, fk_genero, fk_lugar, fk_categoria, fk_subcategoria, fk_solicitud) VALUES (2, 2, 1, null, null, 3, null, 2, 1, 1, 2, 2, null);
INSERT INTO empresag.filtro (id, fk_estudio, tipo_filtro_lugar, edad_minima, edad_maxima, fk_nivel_socioeconomico, fk_edo_civil, fk_nivel_academico, fk_genero, fk_lugar, fk_categoria, fk_subcategoria, fk_solicitud) VALUES (3, 3, 2, 14, 28, 3, null, 2, null, 2, 3, 3, null);
INSERT INTO empresag.filtro (id, fk_estudio, tipo_filtro_lugar, edad_minima, edad_maxima, fk_nivel_socioeconomico, fk_edo_civil, fk_nivel_academico, fk_genero, fk_lugar, fk_categoria, fk_subcategoria, fk_solicitud) VALUES (4, 4, 2, 14, 28, 3, null, null, null, 3, 5, 6, null);
INSERT INTO empresag.filtro (id, fk_estudio, tipo_filtro_lugar, edad_minima, edad_maxima, fk_nivel_socioeconomico, fk_edo_civil, fk_nivel_academico, fk_genero, fk_lugar, fk_categoria, fk_subcategoria, fk_solicitud) VALUES (5, 5, null, null, null, 3, null, 1, null, null, 4, 4, null);
INSERT INTO empresag.filtro (id, fk_estudio, tipo_filtro_lugar, edad_minima, edad_maxima, fk_nivel_socioeconomico, fk_edo_civil, fk_nivel_academico, fk_genero, fk_lugar, fk_categoria, fk_subcategoria, fk_solicitud) VALUES (6, 6, 1, 1, 100, 3, 1, 2, 1, 1, 5, 6, null);
INSERT INTO empresag.filtro (id, fk_estudio, tipo_filtro_lugar, edad_minima, edad_maxima, fk_nivel_socioeconomico, fk_edo_civil, fk_nivel_academico, fk_genero, fk_lugar, fk_categoria, fk_subcategoria, fk_solicitud) VALUES (7, null, 1, 1, 100, 1, 1, 1, 1, 1, 1, 1, 1);
INSERT INTO empresag.filtro (id, fk_estudio, tipo_filtro_lugar, edad_minima, edad_maxima, fk_nivel_socioeconomico, fk_edo_civil, fk_nivel_academico, fk_genero, fk_lugar, fk_categoria, fk_subcategoria, fk_solicitud) VALUES (8, null, null, null, null, null, null, null, null, null, 2, 2, 2);
INSERT INTO empresag.filtro (id, fk_estudio, tipo_filtro_lugar, edad_minima, edad_maxima, fk_nivel_socioeconomico, fk_edo_civil, fk_nivel_academico, fk_genero, fk_lugar, fk_categoria, fk_subcategoria, fk_solicitud) VALUES (9, null, null, 10, 30, 3, null, null, null, null, 3, 3, 3);

INSERT INTO empresag.persona_nvlacademico (id, fk_persona, fk_nivel_academico) values (1, 1, 5);
INSERT INTO empresag.persona_nvlacademico (id, fk_persona, fk_nivel_academico) values (2, 2, 7);
INSERT INTO empresag.persona_nvlacademico (id, fk_persona, fk_nivel_academico) values (3, 3, 6);
INSERT INTO empresag.persona_nvlacademico (id, fk_persona, fk_nivel_academico) values (4, 4, 4);
INSERT INTO empresag.persona_nvlacademico (id, fk_persona, fk_nivel_academico) values (5, 5, 7);
INSERT INTO empresag.persona_nvlacademico (id, fk_persona, fk_nivel_academico) values (6, 6, 4);
INSERT INTO empresag.persona_nvlacademico (id, fk_persona, fk_nivel_academico) values (7, 7, 5);
INSERT INTO empresag.persona_nvlacademico (id, fk_persona, fk_nivel_academico) values (8, 8, 4);
INSERT INTO empresag.persona_nvlacademico (id, fk_persona, fk_nivel_academico) values (9, 9, 5);
INSERT INTO empresag.persona_nvlacademico (id, fk_persona, fk_nivel_academico) values (10, 10, 2);
INSERT INTO empresag.persona_nvlacademico (id, fk_persona, fk_nivel_academico) values (11, 11, 2);
INSERT INTO empresag.persona_nvlacademico (id, fk_persona, fk_nivel_academico) values (12, 12, 6);
INSERT INTO empresag.persona_nvlacademico (id, fk_persona, fk_nivel_academico) values (13, 13, 6);
INSERT INTO empresag.persona_nvlacademico (id, fk_persona, fk_nivel_academico) values (14, 14, 4);
INSERT INTO empresag.persona_nvlacademico (id, fk_persona, fk_nivel_academico) values (15, 15, 5);
INSERT INTO empresag.persona_nvlacademico (id, fk_persona, fk_nivel_academico) values (16, 16, 7);
INSERT INTO empresag.persona_nvlacademico (id, fk_persona, fk_nivel_academico) values (17, 17, 3);
INSERT INTO empresag.persona_nvlacademico (id, fk_persona, fk_nivel_academico) values (18, 18, 6);
INSERT INTO empresag.persona_nvlacademico (id, fk_persona, fk_nivel_academico) values (19, 19, 2);
INSERT INTO empresag.persona_nvlacademico (id, fk_persona, fk_nivel_academico) values (20, 20, 3);
INSERT INTO empresag.persona_nvlacademico (id, fk_persona, fk_nivel_academico) values (21, 21, 4);
INSERT INTO empresag.persona_nvlacademico (id, fk_persona, fk_nivel_academico) values (22, 22, 1);
INSERT INTO empresag.persona_nvlacademico (id, fk_persona, fk_nivel_academico) values (23, 23, 6);
INSERT INTO empresag.persona_nvlacademico (id, fk_persona, fk_nivel_academico) values (24, 24, 1);
INSERT INTO empresag.persona_nvlacademico (id, fk_persona, fk_nivel_academico) values (25, 25, 5);
INSERT INTO empresag.persona_nvlacademico (id, fk_persona, fk_nivel_academico) values (26, 26, 2);
INSERT INTO empresag.persona_nvlacademico (id, fk_persona, fk_nivel_academico) values (27, 27, 7);
INSERT INTO empresag.persona_nvlacademico (id, fk_persona, fk_nivel_academico) values (28, 28, 6);
INSERT INTO empresag.persona_nvlacademico (id, fk_persona, fk_nivel_academico) values (29, 29, 3);
INSERT INTO empresag.persona_nvlacademico (id, fk_persona, fk_nivel_academico) values (30, 30, 6);
INSERT INTO empresag.persona_nvlacademico (id, fk_persona, fk_nivel_academico) values (31, 31, 7);
INSERT INTO empresag.persona_nvlacademico (id, fk_persona, fk_nivel_academico) values (32, 32, 4);
INSERT INTO empresag.persona_nvlacademico (id, fk_persona, fk_nivel_academico) values (33, 33, 6);
INSERT INTO empresag.persona_nvlacademico (id, fk_persona, fk_nivel_academico) values (34, 34, 1);
INSERT INTO empresag.persona_nvlacademico (id, fk_persona, fk_nivel_academico) values (35, 35, 6);
INSERT INTO empresag.persona_nvlacademico (id, fk_persona, fk_nivel_academico) values (36, 36, 6);
INSERT INTO empresag.persona_nvlacademico (id, fk_persona, fk_nivel_academico) values (37, 37, 7);
INSERT INTO empresag.persona_nvlacademico (id, fk_persona, fk_nivel_academico) values (38, 38, 6);
INSERT INTO empresag.persona_nvlacademico (id, fk_persona, fk_nivel_academico) values (39, 39, 4);
INSERT INTO empresag.persona_nvlacademico (id, fk_persona, fk_nivel_academico) values (40, 40, 2);
INSERT INTO empresag.persona_nvlacademico (id, fk_persona, fk_nivel_academico) values (41, 41, 7);
INSERT INTO empresag.persona_nvlacademico (id, fk_persona, fk_nivel_academico) values (42, 42, 1);
INSERT INTO empresag.persona_nvlacademico (id, fk_persona, fk_nivel_academico) values (43, 43, 5);
INSERT INTO empresag.persona_nvlacademico (id, fk_persona, fk_nivel_academico) values (44, 44, 1);
INSERT INTO empresag.persona_nvlacademico (id, fk_persona, fk_nivel_academico) values (45, 45, 2);
INSERT INTO empresag.persona_nvlacademico (id, fk_persona, fk_nivel_academico) values (46, 46, 7);
INSERT INTO empresag.persona_nvlacademico (id, fk_persona, fk_nivel_academico) values (47, 47, 1);
INSERT INTO empresag.persona_nvlacademico (id, fk_persona, fk_nivel_academico) values (48, 48, 4);
INSERT INTO empresag.persona_nvlacademico (id, fk_persona, fk_nivel_academico) values (49, 49, 7);
INSERT INTO empresag.persona_nvlacademico (id, fk_persona, fk_nivel_academico) values (50, 50, 1);

INSERT INTO empresag.encuesta (id, fecha, respuesta_texto, respuesta_rango_inicial, respuesta_rango_final, fk_posible_respuesta, fk_pregunta, fk_estudio, fk_persona) VALUES (1, '2020-12-08 22:20:24', '39', null, null, null, 1, 1, 54);
INSERT INTO empresag.encuesta (id, fecha, respuesta_texto, respuesta_rango_inicial, respuesta_rango_final, fk_posible_respuesta, fk_pregunta, fk_estudio, fk_persona) VALUES (2, '2020-12-08 22:21:55', '100', null, null, null, 13, 1, 54);
INSERT INTO empresag.encuesta (id, fecha, respuesta_texto, respuesta_rango_inicial, respuesta_rango_final, fk_posible_respuesta, fk_pregunta, fk_estudio, fk_persona) VALUES (3, '2020-12-08 22:22:08', null, null, null, 46, 21, 1, 54);
INSERT INTO empresag.encuesta (id, fecha, respuesta_texto, respuesta_rango_inicial, respuesta_rango_final, fk_posible_respuesta, fk_pregunta, fk_estudio, fk_persona) VALUES (4, '2020-12-08 22:22:56', null, null, null, 49, 23, 1, 54);
INSERT INTO empresag.encuesta (id, fecha, respuesta_texto, respuesta_rango_inicial, respuesta_rango_final, fk_posible_respuesta, fk_pregunta, fk_estudio, fk_persona) VALUES (5, '2020-12-08 22:23:28', null, null, null, 50, 23, 1, 54);
INSERT INTO empresag.encuesta (id, fecha, respuesta_texto, respuesta_rango_inicial, respuesta_rango_final, fk_posible_respuesta, fk_pregunta, fk_estudio, fk_persona) VALUES (6, '2020-12-08 22:24:22', null, 2, 4, 55, 24, 1, 54);
INSERT INTO empresag.encuesta (id, fecha, respuesta_texto, respuesta_rango_inicial, respuesta_rango_final, fk_posible_respuesta, fk_pregunta, fk_estudio, fk_persona) VALUES (7, '2020-12-08 22:24:34', null, null, null, 59, 25, 1, 54);
INSERT INTO empresag.encuesta (id, fecha, respuesta_texto, respuesta_rango_inicial, respuesta_rango_final, fk_posible_respuesta, fk_pregunta, fk_estudio, fk_persona) VALUES (8, '2020-12-07 22:25:11', '42', null, null, null, 1, 1, 55);
INSERT INTO empresag.encuesta (id, fecha, respuesta_texto, respuesta_rango_inicial, respuesta_rango_final, fk_posible_respuesta, fk_pregunta, fk_estudio, fk_persona) VALUES (9, '2020-12-07 22:27:17', '1500', null, null, null, 13, 1, 55);
INSERT INTO empresag.encuesta (id, fecha, respuesta_texto, respuesta_rango_inicial, respuesta_rango_final, fk_posible_respuesta, fk_pregunta, fk_estudio, fk_persona) VALUES (10, '2020-12-07 22:27:41', null, null, null, 45, 21, 1, 55);
INSERT INTO empresag.encuesta (id, fecha, respuesta_texto, respuesta_rango_inicial, respuesta_rango_final, fk_posible_respuesta, fk_pregunta, fk_estudio, fk_persona) VALUES (11, '2020-12-07 22:28:59', null, null, null, 52, 23, 1, 55);
INSERT INTO empresag.encuesta (id, fecha, respuesta_texto, respuesta_rango_inicial, respuesta_rango_final, fk_posible_respuesta, fk_pregunta, fk_estudio, fk_persona) VALUES (12, '2020-12-07 22:29:03', null, null, null, 53, 23, 1, 55);
INSERT INTO empresag.encuesta (id, fecha, respuesta_texto, respuesta_rango_inicial, respuesta_rango_final, fk_posible_respuesta, fk_pregunta, fk_estudio, fk_persona) VALUES (13, '2020-12-07 22:29:06', null, null, null, 54, 23, 1, 55);
INSERT INTO empresag.encuesta (id, fecha, respuesta_texto, respuesta_rango_inicial, respuesta_rango_final, fk_posible_respuesta, fk_pregunta, fk_estudio, fk_persona) VALUES (14, '2020-12-07 22:31:21', null, 1, 3, 55, 24, 1, 55);
INSERT INTO empresag.encuesta (id, fecha, respuesta_texto, respuesta_rango_inicial, respuesta_rango_final, fk_posible_respuesta, fk_pregunta, fk_estudio, fk_persona) VALUES (15, '2020-12-07 22:31:53', null, null, null, 60, 25, 1, 55);
INSERT INTO empresag.encuesta (id, fecha, respuesta_texto, respuesta_rango_inicial, respuesta_rango_final, fk_posible_respuesta, fk_pregunta, fk_estudio, fk_persona) VALUES (22, '2020-12-08 22:34:21', '42', null, null, null, 1, 1, 57);
INSERT INTO empresag.encuesta (id, fecha, respuesta_texto, respuesta_rango_inicial, respuesta_rango_final, fk_posible_respuesta, fk_pregunta, fk_estudio, fk_persona) VALUES (23, '2020-12-08 22:34:23', '1000', null, null, null, 13, 1, 57);
INSERT INTO empresag.encuesta (id, fecha, respuesta_texto, respuesta_rango_inicial, respuesta_rango_final, fk_posible_respuesta, fk_pregunta, fk_estudio, fk_persona) VALUES (24, '2020-12-08 22:34:24', null, null, null, 46, 21, 1, 57);
INSERT INTO empresag.encuesta (id, fecha, respuesta_texto, respuesta_rango_inicial, respuesta_rango_final, fk_posible_respuesta, fk_pregunta, fk_estudio, fk_persona) VALUES (25, '2020-12-08 22:34:24', null, null, null, 50, 23, 1, 57);
INSERT INTO empresag.encuesta (id, fecha, respuesta_texto, respuesta_rango_inicial, respuesta_rango_final, fk_posible_respuesta, fk_pregunta, fk_estudio, fk_persona) VALUES (26, '2020-12-08 22:34:25', null, null, null, 53, 23, 1, 57);
INSERT INTO empresag.encuesta (id, fecha, respuesta_texto, respuesta_rango_inicial, respuesta_rango_final, fk_posible_respuesta, fk_pregunta, fk_estudio, fk_persona) VALUES (27, '2020-12-08 22:34:26', null, null, 1, 55, 24, 1, 57);
INSERT INTO empresag.encuesta (id, fecha, respuesta_texto, respuesta_rango_inicial, respuesta_rango_final, fk_posible_respuesta, fk_pregunta, fk_estudio, fk_persona) VALUES (28, '2020-12-08 22:34:27', null, null, null, 59, 25, 1, 57);
INSERT INTO empresag.encuesta (id, fecha, respuesta_texto, respuesta_rango_inicial, respuesta_rango_final, fk_posible_respuesta, fk_pregunta, fk_estudio, fk_persona) VALUES (29, '2020-12-08 22:38:34', '42', null, null, null, 1, 1, 59);
INSERT INTO empresag.encuesta (id, fecha, respuesta_texto, respuesta_rango_inicial, respuesta_rango_final, fk_posible_respuesta, fk_pregunta, fk_estudio, fk_persona) VALUES (30, '2020-12-08 22:38:37', '500', null, null, null, 13, 1, 59);
INSERT INTO empresag.encuesta (id, fecha, respuesta_texto, respuesta_rango_inicial, respuesta_rango_final, fk_posible_respuesta, fk_pregunta, fk_estudio, fk_persona) VALUES (31, '2020-12-08 22:38:37', null, null, null, 45, 21, 1, 59);
INSERT INTO empresag.encuesta (id, fecha, respuesta_texto, respuesta_rango_inicial, respuesta_rango_final, fk_posible_respuesta, fk_pregunta, fk_estudio, fk_persona) VALUES (32, '2020-12-08 22:38:38', null, null, null, 51, 23, 1, 59);
INSERT INTO empresag.encuesta (id, fecha, respuesta_texto, respuesta_rango_inicial, respuesta_rango_final, fk_posible_respuesta, fk_pregunta, fk_estudio, fk_persona) VALUES (33, '2020-12-08 22:38:39', null, null, null, 52, 23, 1, 59);
INSERT INTO empresag.encuesta (id, fecha, respuesta_texto, respuesta_rango_inicial, respuesta_rango_final, fk_posible_respuesta, fk_pregunta, fk_estudio, fk_persona) VALUES (34, '2020-12-08 22:38:39', null, null, null, 53, 23, 1, 59);
INSERT INTO empresag.encuesta (id, fecha, respuesta_texto, respuesta_rango_inicial, respuesta_rango_final, fk_posible_respuesta, fk_pregunta, fk_estudio, fk_persona) VALUES (35, '2020-12-08 22:38:40', null, null, null, 54, 23, 1, 59);
INSERT INTO empresag.encuesta (id, fecha, respuesta_texto, respuesta_rango_inicial, respuesta_rango_final, fk_posible_respuesta, fk_pregunta, fk_estudio, fk_persona) VALUES (36, '2020-12-08 22:38:41', null, 3, 6, 55, 24, 1, 59);
INSERT INTO empresag.encuesta (id, fecha, respuesta_texto, respuesta_rango_inicial, respuesta_rango_final, fk_posible_respuesta, fk_pregunta, fk_estudio, fk_persona) VALUES (37, '2020-12-08 22:38:41', null, null, null, 58, 25, 1, 59);
INSERT INTO empresag.encuesta (id, fecha, respuesta_texto, respuesta_rango_inicial, respuesta_rango_final, fk_posible_respuesta, fk_pregunta, fk_estudio, fk_persona) VALUES (38, '2020-12-08 22:41:24', '42', null, null, null, 1, 1, 63);
INSERT INTO empresag.encuesta (id, fecha, respuesta_texto, respuesta_rango_inicial, respuesta_rango_final, fk_posible_respuesta, fk_pregunta, fk_estudio, fk_persona) VALUES (39, '2020-12-08 22:41:26', '900', null, null, null, 13, 1, 63);
INSERT INTO empresag.encuesta (id, fecha, respuesta_texto, respuesta_rango_inicial, respuesta_rango_final, fk_posible_respuesta, fk_pregunta, fk_estudio, fk_persona) VALUES (40, '2020-12-08 22:41:27', null, null, null, 46, 21, 1, 63);
INSERT INTO empresag.encuesta (id, fecha, respuesta_texto, respuesta_rango_inicial, respuesta_rango_final, fk_posible_respuesta, fk_pregunta, fk_estudio, fk_persona) VALUES (41, '2020-12-08 22:41:28', null, null, null, 50, 23, 1, 63);
INSERT INTO empresag.encuesta (id, fecha, respuesta_texto, respuesta_rango_inicial, respuesta_rango_final, fk_posible_respuesta, fk_pregunta, fk_estudio, fk_persona) VALUES (42, '2020-12-08 22:41:28', null, null, null, 51, 23, 1, 63);
INSERT INTO empresag.encuesta (id, fecha, respuesta_texto, respuesta_rango_inicial, respuesta_rango_final, fk_posible_respuesta, fk_pregunta, fk_estudio, fk_persona) VALUES (43, '2020-12-08 22:41:29', null, null, null, 52, 23, 1, 63);
INSERT INTO empresag.encuesta (id, fecha, respuesta_texto, respuesta_rango_inicial, respuesta_rango_final, fk_posible_respuesta, fk_pregunta, fk_estudio, fk_persona) VALUES (44, '2020-12-08 22:41:30', null, null, null, 53, 23, 1, 63);
INSERT INTO empresag.encuesta (id, fecha, respuesta_texto, respuesta_rango_inicial, respuesta_rango_final, fk_posible_respuesta, fk_pregunta, fk_estudio, fk_persona) VALUES (45, '2020-12-08 22:41:31', null, null, null, 54, 23, 1, 63);
INSERT INTO empresag.encuesta (id, fecha, respuesta_texto, respuesta_rango_inicial, respuesta_rango_final, fk_posible_respuesta, fk_pregunta, fk_estudio, fk_persona) VALUES (46, '2020-12-08 22:41:31', null, 2, 4, 55, 24, 1, 63);
INSERT INTO empresag.encuesta (id, fecha, respuesta_texto, respuesta_rango_inicial, respuesta_rango_final, fk_posible_respuesta, fk_pregunta, fk_estudio, fk_persona) VALUES (47, '2020-12-08 22:41:32', null, null, null, 57, 25, 1, 63);
INSERT INTO empresag.encuesta (id, fecha, respuesta_texto, respuesta_rango_inicial, respuesta_rango_final, fk_posible_respuesta, fk_pregunta, fk_estudio, fk_persona) VALUES (48, '2020-12-08 22:43:09', '41', null, null, null, 1, 1, 79);
INSERT INTO empresag.encuesta (id, fecha, respuesta_texto, respuesta_rango_inicial, respuesta_rango_final, fk_posible_respuesta, fk_pregunta, fk_estudio, fk_persona) VALUES (49, '2020-12-08 22:43:11', '100', null, null, null, 13, 1, 79);
INSERT INTO empresag.encuesta (id, fecha, respuesta_texto, respuesta_rango_inicial, respuesta_rango_final, fk_posible_respuesta, fk_pregunta, fk_estudio, fk_persona) VALUES (50, '2020-12-08 22:43:11', null, null, null, 46, 21, 1, 79);
INSERT INTO empresag.encuesta (id, fecha, respuesta_texto, respuesta_rango_inicial, respuesta_rango_final, fk_posible_respuesta, fk_pregunta, fk_estudio, fk_persona) VALUES (51, '2020-12-08 22:43:12', null, null, null, 53, 23, 1, 79);
INSERT INTO empresag.encuesta (id, fecha, respuesta_texto, respuesta_rango_inicial, respuesta_rango_final, fk_posible_respuesta, fk_pregunta, fk_estudio, fk_persona) VALUES (52, '2020-12-08 22:43:12', null, null, null, 54, 23, 1, 79);
INSERT INTO empresag.encuesta (id, fecha, respuesta_texto, respuesta_rango_inicial, respuesta_rango_final, fk_posible_respuesta, fk_pregunta, fk_estudio, fk_persona) VALUES (53, '2020-12-08 22:43:13', null, null, null, 51, 23, 1, 79);
INSERT INTO empresag.encuesta (id, fecha, respuesta_texto, respuesta_rango_inicial, respuesta_rango_final, fk_posible_respuesta, fk_pregunta, fk_estudio, fk_persona) VALUES (54, '2020-12-08 22:43:14', null, 1, 4, 55, 24, 1, 79);
INSERT INTO empresag.encuesta (id, fecha, respuesta_texto, respuesta_rango_inicial, respuesta_rango_final, fk_posible_respuesta, fk_pregunta, fk_estudio, fk_persona) VALUES (55, '2020-12-08 22:43:15', null, null, null, 59, 25, 1, 79);
INSERT INTO empresag.encuesta (id, fecha, respuesta_texto, respuesta_rango_inicial, respuesta_rango_final, fk_posible_respuesta, fk_pregunta, fk_estudio, fk_persona) VALUES (56, '2020-12-08 22:45:46', '42', null, null, null, 1, 1, 90);
INSERT INTO empresag.encuesta (id, fecha, respuesta_texto, respuesta_rango_inicial, respuesta_rango_final, fk_posible_respuesta, fk_pregunta, fk_estudio, fk_persona) VALUES (57, '2020-12-08 22:45:47', '1600', null, null, null, 13, 1, 90);
INSERT INTO empresag.encuesta (id, fecha, respuesta_texto, respuesta_rango_inicial, respuesta_rango_final, fk_posible_respuesta, fk_pregunta, fk_estudio, fk_persona) VALUES (58, '2020-12-08 22:45:48', null, null, null, 45, 21, 1, 90);
INSERT INTO empresag.encuesta (id, fecha, respuesta_texto, respuesta_rango_inicial, respuesta_rango_final, fk_posible_respuesta, fk_pregunta, fk_estudio, fk_persona) VALUES (59, '2020-12-08 22:45:48', null, null, null, 52, 23, 1, 90);
INSERT INTO empresag.encuesta (id, fecha, respuesta_texto, respuesta_rango_inicial, respuesta_rango_final, fk_posible_respuesta, fk_pregunta, fk_estudio, fk_persona) VALUES (60, '2020-12-08 22:45:49', null, null, null, 53, 23, 1, 90);
INSERT INTO empresag.encuesta (id, fecha, respuesta_texto, respuesta_rango_inicial, respuesta_rango_final, fk_posible_respuesta, fk_pregunta, fk_estudio, fk_persona) VALUES (61, '2020-12-08 22:45:50', null, 3, 5, 55, 24, 1, 90);
INSERT INTO empresag.encuesta (id, fecha, respuesta_texto, respuesta_rango_inicial, respuesta_rango_final, fk_posible_respuesta, fk_pregunta, fk_estudio, fk_persona) VALUES (62, '2020-12-08 22:45:50', null, null, null, 57, 25, 1, 90);
