INSERT INTO empresag.rol (id, nombre) VALUES (1, 'Administrador');
INSERT INTO empresag.rol (id, nombre) VALUES (2, 'Analista');
INSERT INTO empresag.rol (id, nombre) VALUES (3, 'Cliente');
INSERT INTO empresag.rol (id, nombre) VALUES (4, 'Encuestado');

INSERT INTO empresag.genero (id, nombre) VALUES (1, 'Masculino');
INSERT INTO empresag.genero (id, nombre) VALUES (2, 'Femenino');
INSERT INTO empresag.genero (id, nombre) VALUES (3, 'Otro');

INSERT INTO empresag.dispositivo (id, nombre) VALUES (1, 'Computadora de Escritorio (PC)');
INSERT INTO empresag.dispositivo (id, nombre) VALUES (2, 'Laptop');
INSERT INTO empresag.dispositivo (id, nombre) VALUES (3, 'Tablet');
INSERT INTO empresag.dispositivo (id, nombre) VALUES (4, 'Teléfono');

INSERT INTO empresag.edo_civil (id, nombre) VALUES (1, 'Soltero');
INSERT INTO empresag.edo_civil (id, nombre) VALUES (2, 'Casado');
INSERT INTO empresag.edo_civil (id, nombre) VALUES (3, 'Divorciado');
INSERT INTO empresag.edo_civil (id, nombre) VALUES (4, 'Unión libre o Concubinato');
INSERT INTO empresag.edo_civil (id, nombre) VALUES (5, 'Separado');
INSERT INTO empresag.edo_civil (id, nombre) VALUES (6, 'Viudo');

INSERT INTO empresag.ocupacion VALUES (1,'Maestro'),(2,'Albanil'),(3,'Carpintero'),(4,'Doctor'),(5,'Abogado');
INSERT INTO empresag.disponibilidad VALUES (1,'00:00:00'),(2,'01:00:00'),(3,'02:00:00'),(4,'03:00:00'),(5,'04:00:00'),(6,'05:00:00'),(7,'06:00:00'),(8,'07:00:00'),(9,'08:00:00'),(10,'09:00:00'),(11,'10:00:00'),(12,'11:00:00'),(13,'12:00:00'),(14,'13:00:00'),(15,'14:00:00'),(16,'15:00:00'),(17,'16:00:00'),(18,'17:00:00'),(19,'18:00:00'),(20,'19:00:00'),(21,'20:00:00'),(22,'21:00:00'),(23,'22:00:00'),(24,'23:00:00');

INSERT INTO empresag.nivel_academico (id, nombre) VALUES (1, 'Ninguno');
INSERT INTO empresag.nivel_academico (id, nombre) VALUES (2, 'Primaria');
INSERT INTO empresag.nivel_academico (id, nombre) VALUES (3, 'Secundaria');
INSERT INTO empresag.nivel_academico (id, nombre) VALUES (4, 'Técnico Superior');
INSERT INTO empresag.nivel_academico (id, nombre) VALUES (5, 'Universitario');
INSERT INTO empresag.nivel_academico (id, nombre) VALUES (6, 'Maestría');
INSERT INTO empresag.nivel_academico (id, nombre) VALUES (7, 'Doctorado');

INSERT INTO empresag.nivel_socioeconomico (id, nombre) VALUES (1, 'Alto');
INSERT INTO empresag.nivel_socioeconomico (id, nombre) VALUES (2, 'Medio-Alto');
INSERT INTO empresag.nivel_socioeconomico (id, nombre) VALUES (3, 'Medio');
INSERT INTO empresag.nivel_socioeconomico (id, nombre) VALUES (4, 'Medio-Bajo');
INSERT INTO empresag.nivel_socioeconomico (id, nombre) VALUES (5, 'Bajo');
INSERT INTO empresag.nivel_socioeconomico (id, nombre) VALUES (6, 'Extrema Pobreza');

INSERT INTO empresag.persona (id, documento_identidad, primer_nombre, segundo_nombre, primer_apellido, segundo_apellido, fecha_nacimiento, fk_genero, fk_edo_civil, fk_persona, fk_lugar, numero_personas_encasa, fk_disponibilidad_inicial, fk_disponibilidad_final) VALUES (1, 'DSSFDE3535', 'Peter', null, 'Nopsycho', null, '1989-01-05', 1, 1, null, 163, 1, 1, 5);
INSERT INTO empresag.persona (id, documento_identidad, primer_nombre, segundo_nombre, primer_apellido, segundo_apellido, fecha_nacimiento, fk_genero, fk_edo_civil, fk_persona, fk_lugar, numero_personas_encasa, fk_disponibilidad_inicial, fk_disponibilidad_final) VALUES (2, 'DSEU55353A', 'Rick', null, 'Derringer', null, '1982-04-02', 1, 5, null, 163, 1, 5, 18);
INSERT INTO empresag.persona (id, documento_identidad, primer_nombre, segundo_nombre, primer_apellido, segundo_apellido, fecha_nacimiento, fk_genero, fk_edo_civil, fk_persona, fk_lugar, numero_personas_encasa, fk_disponibilidad_inicial, fk_disponibilidad_final) VALUES (3, 'DVFD5R65G4', 'Nick', null, 'Kromaneyer', null, '1981-12-10', 1, 1, null, 163, 2, 1, 7);
INSERT INTO empresag.persona (id, documento_identidad, primer_nombre, segundo_nombre, primer_apellido, segundo_apellido, fecha_nacimiento, fk_genero, fk_edo_civil, fk_persona, fk_lugar, numero_personas_encasa, fk_disponibilidad_inicial, fk_disponibilidad_final) VALUES (4, null, 'Lukas', null, 'Kromaneyer', null, '2016-12-09', 1, null, 3, null, 0, null, null);
INSERT INTO empresag.persona (id, documento_identidad, primer_nombre, segundo_nombre, primer_apellido, segundo_apellido, fecha_nacimiento, fk_genero, fk_edo_civil, fk_persona, fk_lugar, numero_personas_encasa, fk_disponibilidad_inicial, fk_disponibilidad_final) VALUES (5, 'GLYQFVUZA6', 'Angel', null, 'Castillo', null, '1999-11-10', 1, 1, null, 163, 2, 1, 11);

INSERT INTO empresag.persona_dispositivo (id, fk_persona, fk_dispositivo) VALUES (1, 1, 1);
INSERT INTO empresag.persona_dispositivo (id, fk_persona, fk_dispositivo) VALUES (2, 2, 4);
INSERT INTO empresag.persona_dispositivo (id, fk_persona, fk_dispositivo) VALUES (3, 3, 2);
INSERT INTO empresag.persona_dispositivo (id, fk_persona, fk_dispositivo) VALUES (4, 3, 3);
INSERT INTO empresag.persona_dispositivo (id, fk_persona, fk_dispositivo) VALUES (5, 5, 2);
INSERT INTO empresag.persona_dispositivo (id, fk_persona, fk_dispositivo) VALUES (6, 5, 4);

INSERT INTO empresag.persona_nvlacademico (id, fk_persona, fk_nivel_academico) VALUES (1, 1, 3);
INSERT INTO empresag.persona_nvlacademico (id, fk_persona, fk_nivel_academico) VALUES (2, 2, 4);
INSERT INTO empresag.persona_nvlacademico (id, fk_persona, fk_nivel_academico) VALUES (3, 3, 3);
INSERT INTO empresag.persona_nvlacademico (id, fk_persona, fk_nivel_academico) VALUES (4, 5, 3);

INSERT INTO empresag.persona_ocupacion (id, fk_persona, fk_ocupacion) VALUES (1, 1, 5);
INSERT INTO empresag.persona_ocupacion (id, fk_persona, fk_ocupacion) VALUES (2, 2, 4);
INSERT INTO empresag.persona_ocupacion (id, fk_persona, fk_ocupacion) VALUES (3, 3, 1);
INSERT INTO empresag.persona_ocupacion (id, fk_persona, fk_ocupacion) VALUES (4, 5, 2);

INSERT INTO empresag.telefono (id, numero, fk_persona) VALUES (1, '3243243242', 1);
INSERT INTO empresag.telefono (id, numero, fk_persona) VALUES (2, '516516465', 2);
INSERT INTO empresag.telefono (id, numero, fk_persona) VALUES (3, '005804241174935', 3);
INSERT INTO empresag.telefono (id, numero, fk_persona) VALUES (4, '005804124459535', 5);


INSERT INTO empresag.usuario (id, email, password, estado, fk_persona, fk_rol) VALUES (1, 'hyperschnell11@outlook.sk', '123456789', 1, null, 1);
INSERT INTO empresag.usuario (id, email, password, estado, fk_persona, fk_rol) VALUES (2, 'eternalwaltz@gmail.ca', '123456789a!', 1, null, 3);
INSERT INTO empresag.usuario (id, email, password, estado, fk_persona, fk_rol) VALUES (3, 'iamnopsycho@protonmail.com', '123456789a!', 1, null, 2);
INSERT INTO empresag.usuario (id, email, password, estado, fk_persona, fk_rol) VALUES (4, 'skthereaper@gmail.ca', '123456789a!', 1, 1, 4);
INSERT INTO empresag.usuario (id, email, password, estado, fk_persona, fk_rol) VALUES (5, 'bumpsindanight@gmail.ca', '123456789a!', 1, 2, 4);
INSERT INTO empresag.usuario (id, email, password, estado, fk_persona, fk_rol) VALUES (6, 'itsmeyerz@gmail.com', '123456789a!', 1, 3, 4);
INSERT INTO empresag.usuario (id, email, password, estado, fk_persona, fk_rol) VALUES (7, 'angel99castillo@gmail.com', '123456789a!', 0, 5, 4);
INSERT INTO empresag.usuario (id, email, password, estado, fk_persona, fk_rol) VALUES (8, 'jhwatzke@gmail.ca', '123456789a!', 1, null, 3);


INSERT INTO empresag.categoria (id, nombre, descripcion) VALUES (1, 'Ropa', '');
INSERT INTO empresag.categoria (id, nombre, descripcion) VALUES (2, 'Entretenimiento', '');
INSERT INTO empresag.categoria (id, nombre, descripcion) VALUES (3, 'Tecnología', '');
INSERT INTO empresag.categoria (id, nombre, descripcion) VALUES (4, 'Estudio', '');
INSERT INTO empresag.categoria (id, nombre, descripcion) VALUES (5, 'Hogar', '');
INSERT INTO empresag.categoria (id, nombre, descripcion) VALUES (6, 'Perfumes', '');
INSERT INTO empresag.categoria (id, nombre, descripcion) VALUES (7, 'Oficina', '');
INSERT INTO empresag.categoria (id, nombre, descripcion) VALUES (8, 'Música', '');
INSERT INTO empresag.categoria (id, nombre, descripcion) VALUES (9, 'Belleza', '');
INSERT INTO empresag.categoria (id, nombre, descripcion) VALUES (10, 'Transporte', '');

INSERT INTO empresag.subcategoria (id, nombre, descripcion) VALUES (1, 'Sportswear', 'Ropa deportiva');
INSERT INTO empresag.subcategoria (id, nombre, descripcion) VALUES (2, 'Videojuegos', '');
INSERT INTO empresag.subcategoria (id, nombre, descripcion) VALUES (3, 'Computadoras', '');
INSERT INTO empresag.subcategoria (id, nombre, descripcion) VALUES (4, 'Útiles escolares', '');
INSERT INTO empresag.subcategoria (id, nombre, descripcion) VALUES (5, 'Artículos de limpieza', '');
INSERT INTO empresag.subcategoria (id, nombre, descripcion) VALUES (6, 'Instrumentos', 'Instrumentos musicales');
INSERT INTO empresag.subcategoria (id, nombre, descripcion) VALUES (7, 'Cosméticos', '');
INSERT INTO empresag.subcategoria (id, nombre, descripcion) VALUES (8, 'Automóviles', '');
INSERT INTO empresag.subcategoria (id, nombre, descripcion) VALUES (9, 'Motocicletas', '');
INSERT INTO empresag.subcategoria (id, nombre, descripcion) VALUES (10, 'TV', '');
INSERT INTO empresag.subcategoria (id, nombre, descripcion) VALUES (11, 'Música electrónica', 'Artículos para productores');

INSERT INTO empresag.categoria_subcategoria (id, fk_categoria, fk_subcategoria) VALUES (1, 1, 1);
INSERT INTO empresag.categoria_subcategoria (id, fk_categoria, fk_subcategoria) VALUES (2, 2, 2);
INSERT INTO empresag.categoria_subcategoria (id, fk_categoria, fk_subcategoria) VALUES (3, 3, 3);
INSERT INTO empresag.categoria_subcategoria (id, fk_categoria, fk_subcategoria) VALUES (4, 4, 4);
INSERT INTO empresag.categoria_subcategoria (id, fk_categoria, fk_subcategoria) VALUES (5, 5, 5);
INSERT INTO empresag.categoria_subcategoria (id, fk_categoria, fk_subcategoria) VALUES (7, 9, 7);
INSERT INTO empresag.categoria_subcategoria (id, fk_categoria, fk_subcategoria) VALUES (8, 10, 8);
INSERT INTO empresag.categoria_subcategoria (id, fk_categoria, fk_subcategoria) VALUES (9, 10, 9);
INSERT INTO empresag.categoria_subcategoria (id, fk_categoria, fk_subcategoria) VALUES (10, 2, 10);
INSERT INTO empresag.categoria_subcategoria (id, fk_categoria, fk_subcategoria) VALUES (13, 8, 11);

INSERT INTO empresag.marca (id, nombre, descripcion) VALUES (1, 'Nike', '');
INSERT INTO empresag.marca (id, nombre, descripcion) VALUES (2, 'Adidas', '');
INSERT INTO empresag.marca (id, nombre, descripcion) VALUES (3, 'Puma', '');
INSERT INTO empresag.marca (id, nombre, descripcion) VALUES (4, 'Under Armour', '');
INSERT INTO empresag.marca (id, nombre, descripcion) VALUES (5, 'Nintendo', '');
INSERT INTO empresag.marca (id, nombre, descripcion) VALUES (6, 'Sony', '');
INSERT INTO empresag.marca (id, nombre, descripcion) VALUES (7, 'Asus', '');
INSERT INTO empresag.marca (id, nombre, descripcion) VALUES (8, 'HP', '');
INSERT INTO empresag.marca (id, nombre, descripcion) VALUES (9, 'Lenovo', '');
INSERT INTO empresag.marca (id, nombre, descripcion) VALUES (10, 'Norma', '');
INSERT INTO empresag.marca (id, nombre, descripcion) VALUES (11, 'Clorox', '');
INSERT INTO empresag.marca (id, nombre, descripcion) VALUES (12, 'L''Oreal', '');
INSERT INTO empresag.marca (id, nombre, descripcion) VALUES (13, 'Toyota', '');
INSERT INTO empresag.marca (id, nombre, descripcion) VALUES (14, 'Honda', '');
INSERT INTO empresag.marca (id, nombre, descripcion) VALUES (15, 'Kawasaki', '');
INSERT INTO empresag.marca (id, nombre, descripcion) VALUES (16, 'Yamaha', '');

INSERT INTO empresag.subcategoria_marca (id, fk_subcategoria, fk_marca) VALUES (1, 1, 1);
INSERT INTO empresag.subcategoria_marca (id, fk_subcategoria, fk_marca) VALUES (2, 1, 2);
INSERT INTO empresag.subcategoria_marca (id, fk_subcategoria, fk_marca) VALUES (3, 1, 3);
INSERT INTO empresag.subcategoria_marca (id, fk_subcategoria, fk_marca) VALUES (4, 1, 4);
INSERT INTO empresag.subcategoria_marca (id, fk_subcategoria, fk_marca) VALUES (5, 2, 5);
INSERT INTO empresag.subcategoria_marca (id, fk_subcategoria, fk_marca) VALUES (6, 2, 6);
INSERT INTO empresag.subcategoria_marca (id, fk_subcategoria, fk_marca) VALUES (7, 3, 7);
INSERT INTO empresag.subcategoria_marca (id, fk_subcategoria, fk_marca) VALUES (8, 3, 8);
INSERT INTO empresag.subcategoria_marca (id, fk_subcategoria, fk_marca) VALUES (9, 3, 9);
INSERT INTO empresag.subcategoria_marca (id, fk_subcategoria, fk_marca) VALUES (10, 4, 10);
INSERT INTO empresag.subcategoria_marca (id, fk_subcategoria, fk_marca) VALUES (11, 5, 11);
INSERT INTO empresag.subcategoria_marca (id, fk_subcategoria, fk_marca) VALUES (12, 7, 12);
INSERT INTO empresag.subcategoria_marca (id, fk_subcategoria, fk_marca) VALUES (13, 8, 13);
INSERT INTO empresag.subcategoria_marca (id, fk_subcategoria, fk_marca) VALUES (14, 8, 14);
INSERT INTO empresag.subcategoria_marca (id, fk_subcategoria, fk_marca) VALUES (15, 9, 15);
INSERT INTO empresag.subcategoria_marca (id, fk_subcategoria, fk_marca) VALUES (16, 9, 16);

INSERT INTO empresag.tipo (id, nombre, descripcion) VALUES (1, 'Rain Jacket', '');
INSERT INTO empresag.tipo (id, nombre, descripcion) VALUES (2, 'Cushion Socks', '');
INSERT INTO empresag.tipo (id, nombre, descripcion) VALUES (3, 'Running Shoes', '');
INSERT INTO empresag.tipo (id, nombre, descripcion) VALUES (4, 'Pullover', '');
INSERT INTO empresag.tipo (id, nombre, descripcion) VALUES (5, 'Training Pants', '');
INSERT INTO empresag.tipo (id, nombre, descripcion) VALUES (6, 'Court Sneaker', '');
INSERT INTO empresag.tipo (id, nombre, descripcion) VALUES (7, 'Slide Sandal', '');
INSERT INTO empresag.tipo (id, nombre, descripcion) VALUES (8, 'Carina Sneaker', '');
INSERT INTO empresag.tipo (id, nombre, descripcion) VALUES (9, 'Basket Classic Lfs', '');
INSERT INTO empresag.tipo (id, nombre, descripcion) VALUES (10, 'Tech Shirt', '');
INSERT INTO empresag.tipo (id, nombre, descripcion) VALUES (11, 'Storm Beanie', '');
INSERT INTO empresag.tipo (id, nombre, descripcion) VALUES (12, 'Consola', '');
INSERT INTO empresag.tipo (id, nombre, descripcion) VALUES (13, 'Headsets', '');
INSERT INTO empresag.tipo (id, nombre, descripcion) VALUES (14, 'Laptop', '');
INSERT INTO empresag.tipo (id, nombre, descripcion) VALUES (15, 'Notebook', '');
INSERT INTO empresag.tipo (id, nombre, descripcion) VALUES (16, 'Cloro', '');
INSERT INTO empresag.tipo (id, nombre, descripcion) VALUES (17, 'Tinte para cabello', '');

INSERT INTO empresag.marca_tipo (id, fk_marca, fk_tipo) VALUES (1, 1, 1);
INSERT INTO empresag.marca_tipo (id, fk_marca, fk_tipo) VALUES (2, 1, 2);
INSERT INTO empresag.marca_tipo (id, fk_marca, fk_tipo) VALUES (3, 1, 3);
INSERT INTO empresag.marca_tipo (id, fk_marca, fk_tipo) VALUES (4, 1, 4);
INSERT INTO empresag.marca_tipo (id, fk_marca, fk_tipo) VALUES (5, 2, 5);
INSERT INTO empresag.marca_tipo (id, fk_marca, fk_tipo) VALUES (6, 2, 6);
INSERT INTO empresag.marca_tipo (id, fk_marca, fk_tipo) VALUES (7, 2, 7);
INSERT INTO empresag.marca_tipo (id, fk_marca, fk_tipo) VALUES (8, 3, 8);
INSERT INTO empresag.marca_tipo (id, fk_marca, fk_tipo) VALUES (9, 3, 9);
INSERT INTO empresag.marca_tipo (id, fk_marca, fk_tipo) VALUES (10, 4, 10);
INSERT INTO empresag.marca_tipo (id, fk_marca, fk_tipo) VALUES (11, 4, 11);
INSERT INTO empresag.marca_tipo (id, fk_marca, fk_tipo) VALUES (12, 5, 12);
INSERT INTO empresag.marca_tipo (id, fk_marca, fk_tipo) VALUES (13, 6, 13);
INSERT INTO empresag.marca_tipo (id, fk_marca, fk_tipo) VALUES (14, 7, 14);
INSERT INTO empresag.marca_tipo (id, fk_marca, fk_tipo) VALUES (15, 10, 15);
INSERT INTO empresag.marca_tipo (id, fk_marca, fk_tipo) VALUES (16, 11, 16);
INSERT INTO empresag.marca_tipo (id, fk_marca, fk_tipo) VALUES (17, 12, 17);

INSERT INTO empresag.presentacion (id, nombre, descripcion) VALUES (1, 'Royal Blue', '');
INSERT INTO empresag.presentacion (id, nombre, descripcion) VALUES (2, 'Black/White', '');
INSERT INTO empresag.presentacion (id, nombre, descripcion) VALUES (3, 'Black', '');
INSERT INTO empresag.presentacion (id, nombre, descripcion) VALUES (4, 'Low cut', '');
INSERT INTO empresag.presentacion (id, nombre, descripcion) VALUES (5, 'Island Green', '');
INSERT INTO empresag.presentacion (id, nombre, descripcion) VALUES (6, 'Ember Glow', '');
INSERT INTO empresag.presentacion (id, nombre, descripcion) VALUES (7, 'Tropical Pink', '');
INSERT INTO empresag.presentacion (id, nombre, descripcion) VALUES (8, 'Bleached', '');
INSERT INTO empresag.presentacion (id, nombre, descripcion) VALUES (9, 'Dark Beetroot/White', '');
INSERT INTO empresag.presentacion (id, nombre, descripcion) VALUES (10, 'Glory Red', '');
INSERT INTO empresag.presentacion (id, nombre, descripcion) VALUES (11, 'Ink/White', '');
INSERT INTO empresag.presentacion (id, nombre, descripcion) VALUES (12, 'Tech Indigo', '');
INSERT INTO empresag.presentacion (id, nombre, descripcion) VALUES (13, 'White/Trace Blue/Red', '');
INSERT INTO empresag.presentacion (id, nombre, descripcion) VALUES (14, 'Black/White/White', '');
INSERT INTO empresag.presentacion (id, nombre, descripcion) VALUES (15, 'Scarlet/White/Scarlet', '');
INSERT INTO empresag.presentacion (id, nombre, descripcion) VALUES (16, 'Puma White', '');
INSERT INTO empresag.presentacion (id, nombre, descripcion) VALUES (17, 'Black/White', '');
INSERT INTO empresag.presentacion (id, nombre, descripcion) VALUES (18, 'Short Sleeve', '');
INSERT INTO empresag.presentacion (id, nombre, descripcion) VALUES (19, 'Halo Gray', '');
INSERT INTO empresag.presentacion (id, nombre, descripcion) VALUES (20, 'Nintendo Wii', '');
INSERT INTO empresag.presentacion (id, nombre, descripcion) VALUES (21, 'Noise Cancelling WHCH710N', '');
INSERT INTO empresag.presentacion (id, nombre, descripcion) VALUES (22, 'Asus X512DA', '');
INSERT INTO empresag.presentacion (id, nombre, descripcion) VALUES (23, 'Espiral', '');
INSERT INTO empresag.presentacion (id, nombre, descripcion) VALUES (24, 'Tinte Rojo', '');

INSERT INTO empresag.tipo_presentacion (id, fk_tipo, fk_presentacion) VALUES (1, 1, 1);
INSERT INTO empresag.tipo_presentacion (id, fk_tipo, fk_presentacion) VALUES (2, 1, 2);
INSERT INTO empresag.tipo_presentacion (id, fk_tipo, fk_presentacion) VALUES (4, 2, 3);
INSERT INTO empresag.tipo_presentacion (id, fk_tipo, fk_presentacion) VALUES (5, 2, 4);
INSERT INTO empresag.tipo_presentacion (id, fk_tipo, fk_presentacion) VALUES (6, 3, 5);
INSERT INTO empresag.tipo_presentacion (id, fk_tipo, fk_presentacion) VALUES (7, 3, 6);
INSERT INTO empresag.tipo_presentacion (id, fk_tipo, fk_presentacion) VALUES (8, 3, 7);
INSERT INTO empresag.tipo_presentacion (id, fk_tipo, fk_presentacion) VALUES (9, 4, 8);
INSERT INTO empresag.tipo_presentacion (id, fk_tipo, fk_presentacion) VALUES (10, 4, 9);
INSERT INTO empresag.tipo_presentacion (id, fk_tipo, fk_presentacion) VALUES (11, 5, 10);
INSERT INTO empresag.tipo_presentacion (id, fk_tipo, fk_presentacion) VALUES (12, 5, 11);
INSERT INTO empresag.tipo_presentacion (id, fk_tipo, fk_presentacion) VALUES (13, 6, 12);
INSERT INTO empresag.tipo_presentacion (id, fk_tipo, fk_presentacion) VALUES (14, 6, 13);
INSERT INTO empresag.tipo_presentacion (id, fk_tipo, fk_presentacion) VALUES (15, 7, 14);
INSERT INTO empresag.tipo_presentacion (id, fk_tipo, fk_presentacion) VALUES (16, 7, 15);
INSERT INTO empresag.tipo_presentacion (id, fk_tipo, fk_presentacion) VALUES (17, 8, 16);
INSERT INTO empresag.tipo_presentacion (id, fk_tipo, fk_presentacion) VALUES (18, 9, 17);
INSERT INTO empresag.tipo_presentacion (id, fk_tipo, fk_presentacion) VALUES (19, 10, 18);
INSERT INTO empresag.tipo_presentacion (id, fk_tipo, fk_presentacion) VALUES (20, 11, 19);
INSERT INTO empresag.tipo_presentacion (id, fk_tipo, fk_presentacion) VALUES (21, 12, 20);
INSERT INTO empresag.tipo_presentacion (id, fk_tipo, fk_presentacion) VALUES (22, 13, 21);
INSERT INTO empresag.tipo_presentacion (id, fk_tipo, fk_presentacion) VALUES (23, 14, 22);
INSERT INTO empresag.tipo_presentacion (id, fk_tipo, fk_presentacion) VALUES (24, 15, 23);
INSERT INTO empresag.tipo_presentacion (id, fk_tipo, fk_presentacion) VALUES (25, 17, 24);

INSERT INTO empresag.tipo_pregunta (id, nombre, descripcion) VALUES (1, 'Texto Abierto', 'Respuesta libre');
INSERT INTO empresag.tipo_pregunta (id, nombre, descripcion) VALUES (2, 'Selección Simple', 'Sólo se puede seleccioanr una opción');
INSERT INTO empresag.tipo_pregunta (id, nombre, descripcion) VALUES (3, 'Selección Múltiple', null);
INSERT INTO empresag.tipo_pregunta (id, nombre, descripcion) VALUES (4, 'Verdadero y Falso', null);
INSERT INTO empresag.tipo_pregunta (id, nombre, descripcion) VALUES (5, 'Rango', 'Rango de valores numéricos');

INSERT INTO empresag.pregunta (id, pregunta, status, fk_tipo) VALUES (1, '¿Le importa más la comodidad o el estilo?', 1, 2);
INSERT INTO empresag.pregunta (id, pregunta, status, fk_tipo) VALUES (2, '¿Está usted familiarizado con el término e-commerce?', 1, 4);
INSERT INTO empresag.pregunta (id, pregunta, status, fk_tipo) VALUES (3, 'Seleccione el rango de precio mínimo y máximo por el cuál usted pagaría por una prenda ($)', 1, 5);
INSERT INTO empresag.pregunta (id, pregunta, status, fk_tipo) VALUES (4, '¿Cuál es el tiempo máximo que estaría usted dispuesto a esperar por shipping?', 1, 2);
INSERT INTO empresag.pregunta (id, pregunta, status, fk_tipo) VALUES (5, '¿Ha comprado mercancía de equipos de futbol?', 1, 4);
INSERT INTO empresag.pregunta (id, pregunta, status, fk_tipo) VALUES (6, '¿Qué opina usted de los diseños actuales de jerseys?', 1, 1);
INSERT INTO empresag.pregunta (id, pregunta, status, fk_tipo) VALUES (7, 'Seleccione las marcas de ropa deportiva que ha comprado y que actualmente posee', 1, 3);
INSERT INTO empresag.pregunta (id, pregunta, status, fk_tipo) VALUES (8, '¿Le gustan los juegos de Mario?', 1, 4);
INSERT INTO empresag.pregunta (id, pregunta, status, fk_tipo) VALUES (9, '¿Cómo usted consideraría la gama su PC?', 1, 2);
INSERT INTO empresag.pregunta (id, pregunta, status, fk_tipo) VALUES (10, '¿Cuál es el máximo de horas que ha jugado el mismo juego?', 1, 1);
INSERT INTO empresag.pregunta (id, pregunta, status, fk_tipo) VALUES (11, '¿Prefiere Steam o Epic Games?', 1, 2);
INSERT INTO empresag.pregunta (id, pregunta, status, fk_tipo) VALUES (12, 'Seleccione su categoría favorita de videojuegos', 1, 2);
INSERT INTO empresag.pregunta (id, pregunta, status, fk_tipo) VALUES (13, '¿Qué clase de gamer es usted?', 1, 2);
INSERT INTO empresag.pregunta (id, pregunta, status, fk_tipo) VALUES (14, '¿Prefiere automóvil eléctrico o mecánico?', 1, 2);
INSERT INTO empresag.pregunta (id, pregunta, status, fk_tipo) VALUES (15, '¿Cada cuánto cambia usted de carro?', 1, 2);
INSERT INTO empresag.pregunta (id, pregunta, status, fk_tipo) VALUES (16, 'Si pudiera usted cambiar de carro más o menos seguido, ¿lo haría?', 1, 2);
INSERT INTO empresag.pregunta (id, pregunta, status, fk_tipo) VALUES (17, '¿Sabe mucho de automóviles y sus piezas?', 1, 4);
INSERT INTO empresag.pregunta (id, pregunta, status, fk_tipo) VALUES (18, '¿Usted mismo le hace mantenimiento a su automóvil?', 1, 4);
INSERT INTO empresag.pregunta (id, pregunta, status, fk_tipo) VALUES (19, '¿Cuándo piensa usted que es momento de cambiar de carro?', 1, 1);
INSERT INTO empresag.pregunta (id, pregunta, status, fk_tipo) VALUES (20, '¿Qué color de tintes ha utilizado?', 1, 3);
INSERT INTO empresag.pregunta (id, pregunta, status, fk_tipo) VALUES (21, '¿Usa un cuaderno para una materia o para varias?', 1, 2);
INSERT INTO empresag.pregunta (id, pregunta, status, fk_tipo) VALUES (22, '¿Cuál es el principal incentivo para usted al comprar útiles escolares?', 1, 2);
INSERT INTO empresag.pregunta (id, pregunta, status, fk_tipo) VALUES (23, '¿Alguna vez ha personalizado su libreta?', 1, 4);
INSERT INTO empresag.pregunta (id, pregunta, status, fk_tipo) VALUES (24, '¿Es tinturarse el pelo un hábito para usted o sólo lo hace en ocasiones especiales?', 1, 2);
INSERT INTO empresag.pregunta (id, pregunta, status, fk_tipo) VALUES (25, '¿Alguna vez ha usado agua oxigenada para el cabello? (sin tinte)', 1, 4);
INSERT INTO empresag.pregunta (id, pregunta, status, fk_tipo) VALUES (26, '¿Alguna vez se ha hecho un tratamiento con queratina?', 1, 4);
INSERT INTO empresag.pregunta (id, pregunta, status, fk_tipo) VALUES (27, '¿Le importa más la comodidad o el estilo?', 2, 2);
INSERT INTO empresag.pregunta (id, pregunta, status, fk_tipo) VALUES (28, '¿Está usted familiarizado con el término e-commerce?', 2, 4);
INSERT INTO empresag.pregunta (id, pregunta, status, fk_tipo) VALUES (29, 'Seleccione el rango de precio mínimo y máximo por el cuál usted pagaría por una prenda ($)', 2, 5);
INSERT INTO empresag.pregunta (id, pregunta, status, fk_tipo) VALUES (30, '¿Cuál es el tiempo máximo que estaría usted dispuesto a esperar por shipping?', 2, 2);
INSERT INTO empresag.pregunta (id, pregunta, status, fk_tipo) VALUES (31, '¿Ha comprado mercancía de equipos de futbol?', 2, 4);
INSERT INTO empresag.pregunta (id, pregunta, status, fk_tipo) VALUES (32, '¿Qué opina usted de los diseños actuales de jerseys?', 2, 1);
INSERT INTO empresag.pregunta (id, pregunta, status, fk_tipo) VALUES (33, 'Seleccione las marcas de ropa deportiva que ha comprado y que actualmente posee', 2, 3);
INSERT INTO empresag.pregunta (id, pregunta, status, fk_tipo) VALUES (34, '¿Le gustan los juegos de Mario?', 2, 4);
INSERT INTO empresag.pregunta (id, pregunta, status, fk_tipo) VALUES (35, '¿Cuál es el máximo de horas que ha jugado el mismo juego?', 2, 1);
INSERT INTO empresag.pregunta (id, pregunta, status, fk_tipo) VALUES (36, '¿Cómo usted consideraría la gama su PC?', 1, 2);
INSERT INTO empresag.pregunta (id, pregunta, status, fk_tipo) VALUES (37, '¿Prefiere Steam o Epic Games?', 2, 2);
INSERT INTO empresag.pregunta (id, pregunta, status, fk_tipo) VALUES (38, 'Seleccione su categoría favorita de videojuegos', 2, 2);
INSERT INTO empresag.pregunta (id, pregunta, status, fk_tipo) VALUES (39, '¿Qué clase de gamer es usted?', 2, 2);

INSERT INTO empresag.pregunta_cat_subcat (id, fk_pregunta, fk_categoria, fk_subcategoria) VALUES (1, 1, 1, 1);
INSERT INTO empresag.pregunta_cat_subcat (id, fk_pregunta, fk_categoria, fk_subcategoria) VALUES (2, 2, 1, 1);
INSERT INTO empresag.pregunta_cat_subcat (id, fk_pregunta, fk_categoria, fk_subcategoria) VALUES (3, 3, 1, 1);
INSERT INTO empresag.pregunta_cat_subcat (id, fk_pregunta, fk_categoria, fk_subcategoria) VALUES (4, 4, 1, 1);
INSERT INTO empresag.pregunta_cat_subcat (id, fk_pregunta, fk_categoria, fk_subcategoria) VALUES (5, 5, 1, 1);
INSERT INTO empresag.pregunta_cat_subcat (id, fk_pregunta, fk_categoria, fk_subcategoria) VALUES (6, 6, 1, 1);
INSERT INTO empresag.pregunta_cat_subcat (id, fk_pregunta, fk_categoria, fk_subcategoria) VALUES (7, 7, 1, 1);
INSERT INTO empresag.pregunta_cat_subcat (id, fk_pregunta, fk_categoria, fk_subcategoria) VALUES (8, 8, 2, 2);
INSERT INTO empresag.pregunta_cat_subcat (id, fk_pregunta, fk_categoria, fk_subcategoria) VALUES (9, 9, 2, 2);
INSERT INTO empresag.pregunta_cat_subcat (id, fk_pregunta, fk_categoria, fk_subcategoria) VALUES (10, 10, 2, 2);
INSERT INTO empresag.pregunta_cat_subcat (id, fk_pregunta, fk_categoria, fk_subcategoria) VALUES (11, 11, 2, 2);
INSERT INTO empresag.pregunta_cat_subcat (id, fk_pregunta, fk_categoria, fk_subcategoria) VALUES (12, 12, 2, 2);
INSERT INTO empresag.pregunta_cat_subcat (id, fk_pregunta, fk_categoria, fk_subcategoria) VALUES (13, 13, 2, 2);
INSERT INTO empresag.pregunta_cat_subcat (id, fk_pregunta, fk_categoria, fk_subcategoria) VALUES (14, 14, 10, 8);
INSERT INTO empresag.pregunta_cat_subcat (id, fk_pregunta, fk_categoria, fk_subcategoria) VALUES (15, 15, 10, 8);
INSERT INTO empresag.pregunta_cat_subcat (id, fk_pregunta, fk_categoria, fk_subcategoria) VALUES (16, 16, 10, 8);
INSERT INTO empresag.pregunta_cat_subcat (id, fk_pregunta, fk_categoria, fk_subcategoria) VALUES (17, 17, 10, 8);
INSERT INTO empresag.pregunta_cat_subcat (id, fk_pregunta, fk_categoria, fk_subcategoria) VALUES (18, 18, 10, 8);
INSERT INTO empresag.pregunta_cat_subcat (id, fk_pregunta, fk_categoria, fk_subcategoria) VALUES (19, 19, 10, 8);
INSERT INTO empresag.pregunta_cat_subcat (id, fk_pregunta, fk_categoria, fk_subcategoria) VALUES (20, 20, 9, 7);
INSERT INTO empresag.pregunta_cat_subcat (id, fk_pregunta, fk_categoria, fk_subcategoria) VALUES (21, 21, 4, 4);
INSERT INTO empresag.pregunta_cat_subcat (id, fk_pregunta, fk_categoria, fk_subcategoria) VALUES (22, 22, 4, 4);
INSERT INTO empresag.pregunta_cat_subcat (id, fk_pregunta, fk_categoria, fk_subcategoria) VALUES (23, 23, 4, 4);
INSERT INTO empresag.pregunta_cat_subcat (id, fk_pregunta, fk_categoria, fk_subcategoria) VALUES (24, 24, 9, 7);
INSERT INTO empresag.pregunta_cat_subcat (id, fk_pregunta, fk_categoria, fk_subcategoria) VALUES (25, 25, 9, 7);
INSERT INTO empresag.pregunta_cat_subcat (id, fk_pregunta, fk_categoria, fk_subcategoria) VALUES (26, 26, 9, 7);
INSERT INTO empresag.pregunta_cat_subcat (id, fk_pregunta, fk_categoria, fk_subcategoria) VALUES (27, 27, 1, 1);
INSERT INTO empresag.pregunta_cat_subcat (id, fk_pregunta, fk_categoria, fk_subcategoria) VALUES (28, 28, 1, 1);
INSERT INTO empresag.pregunta_cat_subcat (id, fk_pregunta, fk_categoria, fk_subcategoria) VALUES (29, 29, 1, 1);
INSERT INTO empresag.pregunta_cat_subcat (id, fk_pregunta, fk_categoria, fk_subcategoria) VALUES (30, 30, 1, 1);
INSERT INTO empresag.pregunta_cat_subcat (id, fk_pregunta, fk_categoria, fk_subcategoria) VALUES (31, 31, 1, 1);
INSERT INTO empresag.pregunta_cat_subcat (id, fk_pregunta, fk_categoria, fk_subcategoria) VALUES (32, 32, 1, 1);
INSERT INTO empresag.pregunta_cat_subcat (id, fk_pregunta, fk_categoria, fk_subcategoria) VALUES (33, 33, 1, 1);
INSERT INTO empresag.pregunta_cat_subcat (id, fk_pregunta, fk_categoria, fk_subcategoria) VALUES (34, 34, 2, 2);
INSERT INTO empresag.pregunta_cat_subcat (id, fk_pregunta, fk_categoria, fk_subcategoria) VALUES (35, 35, 2, 2);
INSERT INTO empresag.pregunta_cat_subcat (id, fk_pregunta, fk_categoria, fk_subcategoria) VALUES (36, 36, 2, 2);
INSERT INTO empresag.pregunta_cat_subcat (id, fk_pregunta, fk_categoria, fk_subcategoria) VALUES (37, 37, 2, 2);
INSERT INTO empresag.pregunta_cat_subcat (id, fk_pregunta, fk_categoria, fk_subcategoria) VALUES (38, 38, 2, 2);
INSERT INTO empresag.pregunta_cat_subcat (id, fk_pregunta, fk_categoria, fk_subcategoria) VALUES (39, 39, 2, 2);

INSERT INTO empresag.opcion (id, valor, rango_inicial, rango_final) VALUES (1, 'Comodidad', null, null);
INSERT INTO empresag.opcion (id, valor, rango_inicial, rango_final) VALUES (2, 'Estilo', null, null);
INSERT INTO empresag.opcion (id, valor, rango_inicial, rango_final) VALUES (3, 'Verdadero', null, null);
INSERT INTO empresag.opcion (id, valor, rango_inicial, rango_final) VALUES (4, 'Falso', null, null);
INSERT INTO empresag.opcion (id, valor, rango_inicial, rango_final) VALUES (5, null, 1, 15000);
INSERT INTO empresag.opcion (id, valor, rango_inicial, rango_final) VALUES (6, 'Menos de 3 días', null, null);
INSERT INTO empresag.opcion (id, valor, rango_inicial, rango_final) VALUES (7, 'Entre 3 y 7 días', null, null);
INSERT INTO empresag.opcion (id, valor, rango_inicial, rango_final) VALUES (8, '1-2 semanas', null, null);
INSERT INTO empresag.opcion (id, valor, rango_inicial, rango_final) VALUES (9, '2-3 semanas', null, null);
INSERT INTO empresag.opcion (id, valor, rango_inicial, rango_final) VALUES (10, '1 mes', null, null);
INSERT INTO empresag.opcion (id, valor, rango_inicial, rango_final) VALUES (11, 'El tiempo que sea', null, null);
INSERT INTO empresag.opcion (id, valor, rango_inicial, rango_final) VALUES (12, 'Verdadero', null, null);
INSERT INTO empresag.opcion (id, valor, rango_inicial, rango_final) VALUES (13, 'Falso', null, null);
INSERT INTO empresag.opcion (id, valor, rango_inicial, rango_final) VALUES (14, 'Adidas', null, null);
INSERT INTO empresag.opcion (id, valor, rango_inicial, rango_final) VALUES (15, 'Nike', null, null);
INSERT INTO empresag.opcion (id, valor, rango_inicial, rango_final) VALUES (16, 'Under Armour', null, null);
INSERT INTO empresag.opcion (id, valor, rango_inicial, rango_final) VALUES (17, 'Puma', null, null);
INSERT INTO empresag.opcion (id, valor, rango_inicial, rango_final) VALUES (18, 'New Balance', null, null);
INSERT INTO empresag.opcion (id, valor, rango_inicial, rango_final) VALUES (19, 'Champion', null, null);
INSERT INTO empresag.opcion (id, valor, rango_inicial, rango_final) VALUES (20, 'Converse', null, null);
INSERT INTO empresag.opcion (id, valor, rango_inicial, rango_final) VALUES (21, 'Verdadero', null, null);
INSERT INTO empresag.opcion (id, valor, rango_inicial, rango_final) VALUES (22, 'Falso', null, null);
INSERT INTO empresag.opcion (id, valor, rango_inicial, rango_final) VALUES (23, 'Baja gama', null, null);
INSERT INTO empresag.opcion (id, valor, rango_inicial, rango_final) VALUES (24, 'Gama media', null, null);
INSERT INTO empresag.opcion (id, valor, rango_inicial, rango_final) VALUES (25, 'Gama alta', null, null);
INSERT INTO empresag.opcion (id, valor, rango_inicial, rango_final) VALUES (26, 'Steam', null, null);
INSERT INTO empresag.opcion (id, valor, rango_inicial, rango_final) VALUES (27, 'Epic Games', null, null);
INSERT INTO empresag.opcion (id, valor, rango_inicial, rango_final) VALUES (28, 'RPG', null, null);
INSERT INTO empresag.opcion (id, valor, rango_inicial, rango_final) VALUES (29, 'Aventura', null, null);
INSERT INTO empresag.opcion (id, valor, rango_inicial, rango_final) VALUES (30, 'Shooter', null, null);
INSERT INTO empresag.opcion (id, valor, rango_inicial, rango_final) VALUES (31, 'Deportes', null, null);
INSERT INTO empresag.opcion (id, valor, rango_inicial, rango_final) VALUES (32, 'Pelea', null, null);
INSERT INTO empresag.opcion (id, valor, rango_inicial, rango_final) VALUES (33, 'Estrategia', null, null);
INSERT INTO empresag.opcion (id, valor, rango_inicial, rango_final) VALUES (34, 'Plataforma', null, null);
INSERT INTO empresag.opcion (id, valor, rango_inicial, rango_final) VALUES (35, 'Otro', null, null);
INSERT INTO empresag.opcion (id, valor, rango_inicial, rango_final) VALUES (36, 'PC Gamer', null, null);
INSERT INTO empresag.opcion (id, valor, rango_inicial, rango_final) VALUES (37, 'Nintendero', null, null);
INSERT INTO empresag.opcion (id, valor, rango_inicial, rango_final) VALUES (38, 'Xboxer', null, null);
INSERT INTO empresag.opcion (id, valor, rango_inicial, rango_final) VALUES (39, 'Sonyer', null, null);
INSERT INTO empresag.opcion (id, valor, rango_inicial, rango_final) VALUES (40, 'No tengo una preferencia definida', null, null);
INSERT INTO empresag.opcion (id, valor, rango_inicial, rango_final) VALUES (41, 'Eléctrico', null, null);
INSERT INTO empresag.opcion (id, valor, rango_inicial, rango_final) VALUES (42, 'Mecánico', null, null);
INSERT INTO empresag.opcion (id, valor, rango_inicial, rango_final) VALUES (43, 'Más de 1 vez al año', null, null);
INSERT INTO empresag.opcion (id, valor, rango_inicial, rango_final) VALUES (44, 'Cada 1-5 años', null, null);
INSERT INTO empresag.opcion (id, valor, rango_inicial, rango_final) VALUES (45, 'Cada 5-10 años', null, null);
INSERT INTO empresag.opcion (id, valor, rango_inicial, rango_final) VALUES (46, 'Cuando puedo', null, null);
INSERT INTO empresag.opcion (id, valor, rango_inicial, rango_final) VALUES (47, 'Lo haría más seguido', null, null);
INSERT INTO empresag.opcion (id, valor, rango_inicial, rango_final) VALUES (48, 'Lo haría menos seguido', null, null);
INSERT INTO empresag.opcion (id, valor, rango_inicial, rango_final) VALUES (49, 'Estoy feliz con mi actual situación', null, null);
INSERT INTO empresag.opcion (id, valor, rango_inicial, rango_final) VALUES (50, 'Verdadero', null, null);
INSERT INTO empresag.opcion (id, valor, rango_inicial, rango_final) VALUES (51, 'Falso', null, null);
INSERT INTO empresag.opcion (id, valor, rango_inicial, rango_final) VALUES (52, 'Verdadero', null, null);
INSERT INTO empresag.opcion (id, valor, rango_inicial, rango_final) VALUES (53, 'Falso', null, null);
INSERT INTO empresag.opcion (id, valor, rango_inicial, rango_final) VALUES (54, 'Rubio', null, null);
INSERT INTO empresag.opcion (id, valor, rango_inicial, rango_final) VALUES (55, 'Marron', null, null);
INSERT INTO empresag.opcion (id, valor, rango_inicial, rango_final) VALUES (56, 'Negro', null, null);
INSERT INTO empresag.opcion (id, valor, rango_inicial, rango_final) VALUES (57, 'Verde', null, null);
INSERT INTO empresag.opcion (id, valor, rango_inicial, rango_final) VALUES (58, 'Azul', null, null);
INSERT INTO empresag.opcion (id, valor, rango_inicial, rango_final) VALUES (59, 'Rojo', null, null);
INSERT INTO empresag.opcion (id, valor, rango_inicial, rango_final) VALUES (60, 'Plateado', null, null);
INSERT INTO empresag.opcion (id, valor, rango_inicial, rango_final) VALUES (61, 'Morado', null, null);
INSERT INTO empresag.opcion (id, valor, rango_inicial, rango_final) VALUES (62, 'Rosado', null, null);
INSERT INTO empresag.opcion (id, valor, rango_inicial, rango_final) VALUES (63, 'Uno por materia', null, null);
INSERT INTO empresag.opcion (id, valor, rango_inicial, rango_final) VALUES (64, 'Varias materias', null, null);
INSERT INTO empresag.opcion (id, valor, rango_inicial, rango_final) VALUES (65, 'Precio', null, null);
INSERT INTO empresag.opcion (id, valor, rango_inicial, rango_final) VALUES (66, 'Calidad', null, null);
INSERT INTO empresag.opcion (id, valor, rango_inicial, rango_final) VALUES (67, 'Diseño', null, null);
INSERT INTO empresag.opcion (id, valor, rango_inicial, rango_final) VALUES (68, 'Verdadero', null, null);
INSERT INTO empresag.opcion (id, valor, rango_inicial, rango_final) VALUES (69, 'Falso', null, null);
INSERT INTO empresag.opcion (id, valor, rango_inicial, rango_final) VALUES (70, 'Es un hábito', null, null);
INSERT INTO empresag.opcion (id, valor, rango_inicial, rango_final) VALUES (71, 'Sólo lo hago en ocasiones especiales', null, null);
INSERT INTO empresag.opcion (id, valor, rango_inicial, rango_final) VALUES (72, 'Verdadero', null, null);
INSERT INTO empresag.opcion (id, valor, rango_inicial, rango_final) VALUES (73, 'Falso', null, null);
INSERT INTO empresag.opcion (id, valor, rango_inicial, rango_final) VALUES (74, 'Verdadero', null, null);
INSERT INTO empresag.opcion (id, valor, rango_inicial, rango_final) VALUES (75, 'Falso', null, null);
INSERT INTO empresag.opcion (id, valor, rango_inicial, rango_final) VALUES (76, 'Comodidad', null, null);
INSERT INTO empresag.opcion (id, valor, rango_inicial, rango_final) VALUES (77, 'Estilo', null, null);
INSERT INTO empresag.opcion (id, valor, rango_inicial, rango_final) VALUES (78, 'Verdadero', null, null);
INSERT INTO empresag.opcion (id, valor, rango_inicial, rango_final) VALUES (79, 'Falso', null, null);
INSERT INTO empresag.opcion (id, valor, rango_inicial, rango_final) VALUES (80, null, 1, 15000);
INSERT INTO empresag.opcion (id, valor, rango_inicial, rango_final) VALUES (81, 'Menos de 3 días', null, null);
INSERT INTO empresag.opcion (id, valor, rango_inicial, rango_final) VALUES (82, 'Entre 3 y 7 días', null, null);
INSERT INTO empresag.opcion (id, valor, rango_inicial, rango_final) VALUES (83, '1-2 semanas', null, null);
INSERT INTO empresag.opcion (id, valor, rango_inicial, rango_final) VALUES (84, '2-3 semanas', null, null);
INSERT INTO empresag.opcion (id, valor, rango_inicial, rango_final) VALUES (85, '1 mes', null, null);
INSERT INTO empresag.opcion (id, valor, rango_inicial, rango_final) VALUES (86, 'El tiempo que sea', null, null);
INSERT INTO empresag.opcion (id, valor, rango_inicial, rango_final) VALUES (87, 'Verdadero', null, null);
INSERT INTO empresag.opcion (id, valor, rango_inicial, rango_final) VALUES (88, 'Falso', null, null);
INSERT INTO empresag.opcion (id, valor, rango_inicial, rango_final) VALUES (89, 'Adidas', null, null);
INSERT INTO empresag.opcion (id, valor, rango_inicial, rango_final) VALUES (90, 'Nike', null, null);
INSERT INTO empresag.opcion (id, valor, rango_inicial, rango_final) VALUES (91, 'Under Armour', null, null);
INSERT INTO empresag.opcion (id, valor, rango_inicial, rango_final) VALUES (92, 'Puma', null, null);
INSERT INTO empresag.opcion (id, valor, rango_inicial, rango_final) VALUES (93, 'New Balance', null, null);
INSERT INTO empresag.opcion (id, valor, rango_inicial, rango_final) VALUES (94, 'Champion', null, null);
INSERT INTO empresag.opcion (id, valor, rango_inicial, rango_final) VALUES (95, 'Converse', null, null);
INSERT INTO empresag.opcion (id, valor, rango_inicial, rango_final) VALUES (96, 'Verdadero', null, null);
INSERT INTO empresag.opcion (id, valor, rango_inicial, rango_final) VALUES (97, 'Falso', null, null);
INSERT INTO empresag.opcion (id, valor, rango_inicial, rango_final) VALUES (98, 'Baja gama', null, null);
INSERT INTO empresag.opcion (id, valor, rango_inicial, rango_final) VALUES (99, 'Gama media', null, null);
INSERT INTO empresag.opcion (id, valor, rango_inicial, rango_final) VALUES (100, 'Gama alta', null, null);
INSERT INTO empresag.opcion (id, valor, rango_inicial, rango_final) VALUES (101, 'Steam', null, null);
INSERT INTO empresag.opcion (id, valor, rango_inicial, rango_final) VALUES (102, 'Epic Games', null, null);
INSERT INTO empresag.opcion (id, valor, rango_inicial, rango_final) VALUES (103, 'RPG', null, null);
INSERT INTO empresag.opcion (id, valor, rango_inicial, rango_final) VALUES (104, 'Aventura', null, null);
INSERT INTO empresag.opcion (id, valor, rango_inicial, rango_final) VALUES (105, 'Shooter', null, null);
INSERT INTO empresag.opcion (id, valor, rango_inicial, rango_final) VALUES (106, 'Deportes', null, null);
INSERT INTO empresag.opcion (id, valor, rango_inicial, rango_final) VALUES (107, 'Pelea', null, null);
INSERT INTO empresag.opcion (id, valor, rango_inicial, rango_final) VALUES (108, 'Estrategia', null, null);
INSERT INTO empresag.opcion (id, valor, rango_inicial, rango_final) VALUES (109, 'Plataforma', null, null);
INSERT INTO empresag.opcion (id, valor, rango_inicial, rango_final) VALUES (110, 'Otro', null, null);
INSERT INTO empresag.opcion (id, valor, rango_inicial, rango_final) VALUES (111, 'PC Gamer', null, null);
INSERT INTO empresag.opcion (id, valor, rango_inicial, rango_final) VALUES (112, 'Nintendero', null, null);
INSERT INTO empresag.opcion (id, valor, rango_inicial, rango_final) VALUES (113, 'Xboxer', null, null);
INSERT INTO empresag.opcion (id, valor, rango_inicial, rango_final) VALUES (114, 'Sonyer', null, null);
INSERT INTO empresag.opcion (id, valor, rango_inicial, rango_final) VALUES (115, 'No tengo una preferencia definida', null, null);

INSERT INTO empresag.posible_respuesta (id, fk_pregunta, fk_opcion) VALUES (1, 1, 1);
INSERT INTO empresag.posible_respuesta (id, fk_pregunta, fk_opcion) VALUES (2, 1, 2);
INSERT INTO empresag.posible_respuesta (id, fk_pregunta, fk_opcion) VALUES (3, 2, 3);
INSERT INTO empresag.posible_respuesta (id, fk_pregunta, fk_opcion) VALUES (4, 2, 4);
INSERT INTO empresag.posible_respuesta (id, fk_pregunta, fk_opcion) VALUES (5, 3, 5);
INSERT INTO empresag.posible_respuesta (id, fk_pregunta, fk_opcion) VALUES (6, 4, 6);
INSERT INTO empresag.posible_respuesta (id, fk_pregunta, fk_opcion) VALUES (7, 4, 7);
INSERT INTO empresag.posible_respuesta (id, fk_pregunta, fk_opcion) VALUES (8, 4, 8);
INSERT INTO empresag.posible_respuesta (id, fk_pregunta, fk_opcion) VALUES (9, 4, 9);
INSERT INTO empresag.posible_respuesta (id, fk_pregunta, fk_opcion) VALUES (10, 4, 10);
INSERT INTO empresag.posible_respuesta (id, fk_pregunta, fk_opcion) VALUES (11, 4, 11);
INSERT INTO empresag.posible_respuesta (id, fk_pregunta, fk_opcion) VALUES (12, 5, 12);
INSERT INTO empresag.posible_respuesta (id, fk_pregunta, fk_opcion) VALUES (13, 5, 13);
INSERT INTO empresag.posible_respuesta (id, fk_pregunta, fk_opcion) VALUES (14, 7, 14);
INSERT INTO empresag.posible_respuesta (id, fk_pregunta, fk_opcion) VALUES (15, 7, 15);
INSERT INTO empresag.posible_respuesta (id, fk_pregunta, fk_opcion) VALUES (16, 7, 16);
INSERT INTO empresag.posible_respuesta (id, fk_pregunta, fk_opcion) VALUES (17, 7, 17);
INSERT INTO empresag.posible_respuesta (id, fk_pregunta, fk_opcion) VALUES (18, 7, 18);
INSERT INTO empresag.posible_respuesta (id, fk_pregunta, fk_opcion) VALUES (19, 7, 19);
INSERT INTO empresag.posible_respuesta (id, fk_pregunta, fk_opcion) VALUES (20, 7, 20);
INSERT INTO empresag.posible_respuesta (id, fk_pregunta, fk_opcion) VALUES (21, 8, 21);
INSERT INTO empresag.posible_respuesta (id, fk_pregunta, fk_opcion) VALUES (22, 8, 22);
INSERT INTO empresag.posible_respuesta (id, fk_pregunta, fk_opcion) VALUES (23, 9, 23);
INSERT INTO empresag.posible_respuesta (id, fk_pregunta, fk_opcion) VALUES (24, 9, 24);
INSERT INTO empresag.posible_respuesta (id, fk_pregunta, fk_opcion) VALUES (25, 9, 25);
INSERT INTO empresag.posible_respuesta (id, fk_pregunta, fk_opcion) VALUES (26, 11, 26);
INSERT INTO empresag.posible_respuesta (id, fk_pregunta, fk_opcion) VALUES (27, 11, 27);
INSERT INTO empresag.posible_respuesta (id, fk_pregunta, fk_opcion) VALUES (28, 12, 28);
INSERT INTO empresag.posible_respuesta (id, fk_pregunta, fk_opcion) VALUES (29, 12, 29);
INSERT INTO empresag.posible_respuesta (id, fk_pregunta, fk_opcion) VALUES (30, 12, 30);
INSERT INTO empresag.posible_respuesta (id, fk_pregunta, fk_opcion) VALUES (31, 12, 31);
INSERT INTO empresag.posible_respuesta (id, fk_pregunta, fk_opcion) VALUES (32, 12, 32);
INSERT INTO empresag.posible_respuesta (id, fk_pregunta, fk_opcion) VALUES (33, 12, 33);
INSERT INTO empresag.posible_respuesta (id, fk_pregunta, fk_opcion) VALUES (34, 12, 34);
INSERT INTO empresag.posible_respuesta (id, fk_pregunta, fk_opcion) VALUES (35, 12, 35);
INSERT INTO empresag.posible_respuesta (id, fk_pregunta, fk_opcion) VALUES (36, 13, 36);
INSERT INTO empresag.posible_respuesta (id, fk_pregunta, fk_opcion) VALUES (37, 13, 37);
INSERT INTO empresag.posible_respuesta (id, fk_pregunta, fk_opcion) VALUES (38, 13, 38);
INSERT INTO empresag.posible_respuesta (id, fk_pregunta, fk_opcion) VALUES (39, 13, 39);
INSERT INTO empresag.posible_respuesta (id, fk_pregunta, fk_opcion) VALUES (40, 13, 40);
INSERT INTO empresag.posible_respuesta (id, fk_pregunta, fk_opcion) VALUES (41, 14, 41);
INSERT INTO empresag.posible_respuesta (id, fk_pregunta, fk_opcion) VALUES (42, 14, 42);
INSERT INTO empresag.posible_respuesta (id, fk_pregunta, fk_opcion) VALUES (43, 15, 43);
INSERT INTO empresag.posible_respuesta (id, fk_pregunta, fk_opcion) VALUES (44, 15, 44);
INSERT INTO empresag.posible_respuesta (id, fk_pregunta, fk_opcion) VALUES (45, 15, 45);
INSERT INTO empresag.posible_respuesta (id, fk_pregunta, fk_opcion) VALUES (46, 15, 46);
INSERT INTO empresag.posible_respuesta (id, fk_pregunta, fk_opcion) VALUES (47, 16, 47);
INSERT INTO empresag.posible_respuesta (id, fk_pregunta, fk_opcion) VALUES (48, 16, 48);
INSERT INTO empresag.posible_respuesta (id, fk_pregunta, fk_opcion) VALUES (49, 16, 49);
INSERT INTO empresag.posible_respuesta (id, fk_pregunta, fk_opcion) VALUES (50, 17, 50);
INSERT INTO empresag.posible_respuesta (id, fk_pregunta, fk_opcion) VALUES (51, 17, 51);
INSERT INTO empresag.posible_respuesta (id, fk_pregunta, fk_opcion) VALUES (52, 18, 52);
INSERT INTO empresag.posible_respuesta (id, fk_pregunta, fk_opcion) VALUES (53, 18, 53);
INSERT INTO empresag.posible_respuesta (id, fk_pregunta, fk_opcion) VALUES (54, 20, 54);
INSERT INTO empresag.posible_respuesta (id, fk_pregunta, fk_opcion) VALUES (55, 20, 55);
INSERT INTO empresag.posible_respuesta (id, fk_pregunta, fk_opcion) VALUES (56, 20, 56);
INSERT INTO empresag.posible_respuesta (id, fk_pregunta, fk_opcion) VALUES (57, 20, 57);
INSERT INTO empresag.posible_respuesta (id, fk_pregunta, fk_opcion) VALUES (58, 20, 58);
INSERT INTO empresag.posible_respuesta (id, fk_pregunta, fk_opcion) VALUES (59, 20, 59);
INSERT INTO empresag.posible_respuesta (id, fk_pregunta, fk_opcion) VALUES (60, 20, 60);
INSERT INTO empresag.posible_respuesta (id, fk_pregunta, fk_opcion) VALUES (61, 20, 61);
INSERT INTO empresag.posible_respuesta (id, fk_pregunta, fk_opcion) VALUES (62, 20, 62);
INSERT INTO empresag.posible_respuesta (id, fk_pregunta, fk_opcion) VALUES (63, 21, 63);
INSERT INTO empresag.posible_respuesta (id, fk_pregunta, fk_opcion) VALUES (64, 21, 64);
INSERT INTO empresag.posible_respuesta (id, fk_pregunta, fk_opcion) VALUES (65, 22, 65);
INSERT INTO empresag.posible_respuesta (id, fk_pregunta, fk_opcion) VALUES (66, 22, 66);
INSERT INTO empresag.posible_respuesta (id, fk_pregunta, fk_opcion) VALUES (67, 22, 67);
INSERT INTO empresag.posible_respuesta (id, fk_pregunta, fk_opcion) VALUES (68, 23, 68);
INSERT INTO empresag.posible_respuesta (id, fk_pregunta, fk_opcion) VALUES (69, 23, 69);
INSERT INTO empresag.posible_respuesta (id, fk_pregunta, fk_opcion) VALUES (70, 24, 70);
INSERT INTO empresag.posible_respuesta (id, fk_pregunta, fk_opcion) VALUES (71, 24, 71);
INSERT INTO empresag.posible_respuesta (id, fk_pregunta, fk_opcion) VALUES (72, 25, 72);
INSERT INTO empresag.posible_respuesta (id, fk_pregunta, fk_opcion) VALUES (73, 25, 73);
INSERT INTO empresag.posible_respuesta (id, fk_pregunta, fk_opcion) VALUES (74, 26, 74);
INSERT INTO empresag.posible_respuesta (id, fk_pregunta, fk_opcion) VALUES (75, 26, 75);
INSERT INTO empresag.posible_respuesta (id, fk_pregunta, fk_opcion) VALUES (76, 27, 76);
INSERT INTO empresag.posible_respuesta (id, fk_pregunta, fk_opcion) VALUES (77, 27, 77);
INSERT INTO empresag.posible_respuesta (id, fk_pregunta, fk_opcion) VALUES (78, 28, 78);
INSERT INTO empresag.posible_respuesta (id, fk_pregunta, fk_opcion) VALUES (79, 28, 79);
INSERT INTO empresag.posible_respuesta (id, fk_pregunta, fk_opcion) VALUES (80, 29, 80);
INSERT INTO empresag.posible_respuesta (id, fk_pregunta, fk_opcion) VALUES (81, 30, 81);
INSERT INTO empresag.posible_respuesta (id, fk_pregunta, fk_opcion) VALUES (82, 30, 82);
INSERT INTO empresag.posible_respuesta (id, fk_pregunta, fk_opcion) VALUES (83, 30, 83);
INSERT INTO empresag.posible_respuesta (id, fk_pregunta, fk_opcion) VALUES (84, 30, 84);
INSERT INTO empresag.posible_respuesta (id, fk_pregunta, fk_opcion) VALUES (85, 30, 85);
INSERT INTO empresag.posible_respuesta (id, fk_pregunta, fk_opcion) VALUES (86, 30, 86);
INSERT INTO empresag.posible_respuesta (id, fk_pregunta, fk_opcion) VALUES (87, 31, 87);
INSERT INTO empresag.posible_respuesta (id, fk_pregunta, fk_opcion) VALUES (88, 31, 88);
INSERT INTO empresag.posible_respuesta (id, fk_pregunta, fk_opcion) VALUES (89, 33, 89);
INSERT INTO empresag.posible_respuesta (id, fk_pregunta, fk_opcion) VALUES (90, 33, 90);
INSERT INTO empresag.posible_respuesta (id, fk_pregunta, fk_opcion) VALUES (91, 33, 91);
INSERT INTO empresag.posible_respuesta (id, fk_pregunta, fk_opcion) VALUES (92, 33, 92);
INSERT INTO empresag.posible_respuesta (id, fk_pregunta, fk_opcion) VALUES (93, 33, 93);
INSERT INTO empresag.posible_respuesta (id, fk_pregunta, fk_opcion) VALUES (94, 33, 94);
INSERT INTO empresag.posible_respuesta (id, fk_pregunta, fk_opcion) VALUES (95, 33, 95);
INSERT INTO empresag.posible_respuesta (id, fk_pregunta, fk_opcion) VALUES (96, 34, 96);
INSERT INTO empresag.posible_respuesta (id, fk_pregunta, fk_opcion) VALUES (97, 34, 97);
INSERT INTO empresag.posible_respuesta (id, fk_pregunta, fk_opcion) VALUES (98, 36, 98);
INSERT INTO empresag.posible_respuesta (id, fk_pregunta, fk_opcion) VALUES (99, 36, 99);
INSERT INTO empresag.posible_respuesta (id, fk_pregunta, fk_opcion) VALUES (100, 36, 100);
INSERT INTO empresag.posible_respuesta (id, fk_pregunta, fk_opcion) VALUES (101, 37, 101);
INSERT INTO empresag.posible_respuesta (id, fk_pregunta, fk_opcion) VALUES (102, 37, 102);
INSERT INTO empresag.posible_respuesta (id, fk_pregunta, fk_opcion) VALUES (103, 38, 103);
INSERT INTO empresag.posible_respuesta (id, fk_pregunta, fk_opcion) VALUES (104, 38, 104);
INSERT INTO empresag.posible_respuesta (id, fk_pregunta, fk_opcion) VALUES (105, 38, 105);
INSERT INTO empresag.posible_respuesta (id, fk_pregunta, fk_opcion) VALUES (106, 38, 106);
INSERT INTO empresag.posible_respuesta (id, fk_pregunta, fk_opcion) VALUES (107, 38, 107);
INSERT INTO empresag.posible_respuesta (id, fk_pregunta, fk_opcion) VALUES (108, 38, 108);
INSERT INTO empresag.posible_respuesta (id, fk_pregunta, fk_opcion) VALUES (109, 38, 109);
INSERT INTO empresag.posible_respuesta (id, fk_pregunta, fk_opcion) VALUES (110, 38, 110);
INSERT INTO empresag.posible_respuesta (id, fk_pregunta, fk_opcion) VALUES (111, 39, 111);
INSERT INTO empresag.posible_respuesta (id, fk_pregunta, fk_opcion) VALUES (112, 39, 112);
INSERT INTO empresag.posible_respuesta (id, fk_pregunta, fk_opcion) VALUES (113, 39, 113);
INSERT INTO empresag.posible_respuesta (id, fk_pregunta, fk_opcion) VALUES (114, 39, 114);
INSERT INTO empresag.posible_respuesta (id, fk_pregunta, fk_opcion) VALUES (115, 39, 115);

INSERT INTO empresag.solicitud (id, estado, nombre, fk_usuario) VALUES (1, 1, 'Shinigami Sportswear', 2);
INSERT INTO empresag.solicitud (id, estado, nombre, fk_usuario) VALUES (2, 1, 'Estudio de factibilidad para la consola Polystation 360', 2);
INSERT INTO empresag.solicitud (id, estado, nombre, fk_usuario) VALUES (3, 0, 'Estudio de factibilidad para Lil Jeep', 8);
INSERT INTO empresag.solicitud (id, estado, nombre, fk_usuario) VALUES (4, 0, 'Hysteria Sportswear', 8);

INSERT INTO empresag.estudio (id, fecha_realizacion, fecha_culminacion, nombre, estado, fk_analisis) VALUES (1, '2020-12-17', null, 'Shinigami Sportswear', 1, null);
INSERT INTO empresag.estudio (id, fecha_realizacion, fecha_culminacion, nombre, estado, fk_analisis) VALUES (2, '2020-12-17', null, 'Estudio de factibilidad para la consola Polystation 360', 1, null);

INSERT INTO empresag.pregunta_estudio (id, requerido, fk_estudio, fk_pregunta) VALUES (1, 1, 1, 27);
INSERT INTO empresag.pregunta_estudio (id, requerido, fk_estudio, fk_pregunta) VALUES (2, 1, 1, 28);
INSERT INTO empresag.pregunta_estudio (id, requerido, fk_estudio, fk_pregunta) VALUES (3, 1, 1, 29);
INSERT INTO empresag.pregunta_estudio (id, requerido, fk_estudio, fk_pregunta) VALUES (4, 1, 1, 30);
INSERT INTO empresag.pregunta_estudio (id, requerido, fk_estudio, fk_pregunta) VALUES (5, 1, 1, 31);
INSERT INTO empresag.pregunta_estudio (id, requerido, fk_estudio, fk_pregunta) VALUES (6, 1, 1, 32);
INSERT INTO empresag.pregunta_estudio (id, requerido, fk_estudio, fk_pregunta) VALUES (7, 1, 1, 33);
INSERT INTO empresag.pregunta_estudio (id, requerido, fk_estudio, fk_pregunta) VALUES (8, 1, 2, 34);
INSERT INTO empresag.pregunta_estudio (id, requerido, fk_estudio, fk_pregunta) VALUES (9, 1, 2, 35);
INSERT INTO empresag.pregunta_estudio (id, requerido, fk_estudio, fk_pregunta) VALUES (10, 1, 2, 36);
INSERT INTO empresag.pregunta_estudio (id, requerido, fk_estudio, fk_pregunta) VALUES (11, 1, 2, 37);
INSERT INTO empresag.pregunta_estudio (id, requerido, fk_estudio, fk_pregunta) VALUES (12, 1, 2, 38);
INSERT INTO empresag.pregunta_estudio (id, requerido, fk_estudio, fk_pregunta) VALUES (13, 1, 2, 39);

INSERT INTO empresag.filtro (id, fk_estudio, tipo_filtro_lugar, edad_minima, edad_maxima, fk_nivel_socioeconomico, fk_edo_civil, fk_nivel_academico, fk_genero, fk_lugar, fk_categoria, fk_subcategoria, fk_solicitud) VALUES (1, 1, null, 10, 50, null, null, null, null, null, 1, 1, 1);
INSERT INTO empresag.filtro (id, fk_estudio, tipo_filtro_lugar, edad_minima, edad_maxima, fk_nivel_socioeconomico, fk_edo_civil, fk_nivel_academico, fk_genero, fk_lugar, fk_categoria, fk_subcategoria, fk_solicitud) VALUES (2, 2, null, 10, 30, 4, null, 2, null, null, 2, 2, 2);
INSERT INTO empresag.filtro (id, fk_estudio, tipo_filtro_lugar, edad_minima, edad_maxima, fk_nivel_socioeconomico, fk_edo_civil, fk_nivel_academico, fk_genero, fk_lugar, fk_categoria, fk_subcategoria, fk_solicitud) VALUES (3, null, null, 18, 60, 5, null, null, 1, null, 10, 8, 3);
INSERT INTO empresag.filtro (id, fk_estudio, tipo_filtro_lugar, edad_minima, edad_maxima, fk_nivel_socioeconomico, fk_edo_civil, fk_nivel_academico, fk_genero, fk_lugar, fk_categoria, fk_subcategoria, fk_solicitud) VALUES (4, null, 2, 10, 70, 2, null, 2, 1, null, 1, 1, 4);