INSERT INTO empresag.categoria (id, nombre, descripcion) VALUES (1, 'Ropa', null);
INSERT INTO empresag.categoria (id, nombre, descripcion) VALUES (2, 'Videojuegos', null);
INSERT INTO empresag.categoria (id, nombre, descripcion) VALUES (3, 'Tecnología', null);
INSERT INTO empresag.categoria (id, nombre, descripcion) VALUES (4, 'TV', null);
INSERT INTO empresag.categoria (id, nombre, descripcion) VALUES (5, 'Transporte', null);
INSERT INTO empresag.categoria (id, nombre, descripcion) VALUES (6, 'Deportes', null);

INSERT INTO empresag.subcategoria (id, nombre, descripcion) VALUES (1, 'Streetwear', null);
INSERT INTO empresag.subcategoria (id, nombre, descripcion) VALUES (2, 'Shooter', null);
INSERT INTO empresag.subcategoria (id, nombre, descripcion) VALUES (3, 'Programacion', null);
INSERT INTO empresag.subcategoria (id, nombre, descripcion) VALUES (4, 'Anime', null);
INSERT INTO empresag.subcategoria (id, nombre, descripcion) VALUES (5, 'Hardware', null);
INSERT INTO empresag.subcategoria (id, nombre, descripcion) VALUES (6, 'Automoviles', null);

INSERT INTO empresag.categoria_subcategoria (id, fk_categoria, fk_subcategoria) VALUES (1, 1, 1);
INSERT INTO empresag.categoria_subcategoria (id, fk_categoria, fk_subcategoria) VALUES (2, 2, 2);
INSERT INTO empresag.categoria_subcategoria (id, fk_categoria, fk_subcategoria) VALUES (3, 3, 3);
INSERT INTO empresag.categoria_subcategoria (id, fk_categoria, fk_subcategoria) VALUES (4, 4, 4);
INSERT INTO empresag.categoria_subcategoria (id, fk_categoria, fk_subcategoria) VALUES (5, 3, 5);
INSERT INTO empresag.categoria_subcategoria (id, fk_categoria, fk_subcategoria) VALUES (6, 5, 6);

INSERT INTO empresag.marca (id, nombre, descripcion) VALUES (1, 'Supreme', null);
INSERT INTO empresag.marca (id, nombre, descripcion) VALUES (2, 'Sony', null);
INSERT INTO empresag.marca (id, nombre, descripcion) VALUES (3, 'Vans', null);

INSERT INTO empresag.subcategoria_marca (id, fk_subcategoria, fk_marca) VALUES (1, 1, 1);
INSERT INTO empresag.subcategoria_marca (id, fk_subcategoria, fk_marca) VALUES (2, 5, 2);
INSERT INTO empresag.subcategoria_marca (id, fk_subcategoria, fk_marca) VALUES (3, 1, 3);

INSERT INTO empresag.tipo (id, nombre, descripcion) VALUES (1, 'Zapatos', null);
INSERT INTO empresag.tipo (id, nombre, descripcion) VALUES (2, 'Headsets', null);
INSERT INTO empresag.tipo (id, nombre, descripcion) VALUES (3, 'T-shirt', null);

INSERT INTO empresag.marca_tipo (id, fk_marca, fk_tipo) VALUES (1, 1, 1);
INSERT INTO empresag.marca_tipo (id, fk_marca, fk_tipo) VALUES (2, 2, 2);
INSERT INTO empresag.marca_tipo (id, fk_marca, fk_tipo) VALUES (3, 3, 3);

INSERT INTO empresag.presentacion (id, nombre, descripcion) VALUES (1, 'Old Skool', null);
INSERT INTO empresag.presentacion (id, nombre, descripcion) VALUES (2, 'Authentic', null);
INSERT INTO empresag.presentacion (id, nombre, descripcion) VALUES (3, 'Z1R Headphones', null);
INSERT INTO empresag.presentacion (id, nombre, descripcion) VALUES (4, 'MDR-Z7M2', null);
INSERT INTO empresag.presentacion (id, nombre, descripcion) VALUES (5, 'Box Logo', 'Tee White');
INSERT INTO empresag.presentacion (id, nombre, descripcion) VALUES (6, 'Futura Logo', 'Tee Black');
INSERT INTO empresag.presentacion (id, nombre, descripcion) VALUES (7, 'Good Vibes Long Sleeve', null);

INSERT INTO empresag.tipo_presentacion (id, fk_tipo, fk_presentacion) VALUES (1, 1, 1);
INSERT INTO empresag.tipo_presentacion (id, fk_tipo, fk_presentacion) VALUES (2, 1, 2);
INSERT INTO empresag.tipo_presentacion (id, fk_tipo, fk_presentacion) VALUES (3, 2, 3);
INSERT INTO empresag.tipo_presentacion (id, fk_tipo, fk_presentacion) VALUES (4, 2, 4);
INSERT INTO empresag.tipo_presentacion (id, fk_tipo, fk_presentacion) VALUES (5, 3, 5);
INSERT INTO empresag.tipo_presentacion (id, fk_tipo, fk_presentacion) VALUES (6, 3, 6);
INSERT INTO empresag.tipo_presentacion (id, fk_tipo, fk_presentacion) VALUES (7, 3, 7);

INSERT INTO empresag.tipo_pregunta (id, nombre, descripcion) VALUES (1, 'Texto Abierto', 'Respuesta libre');
INSERT INTO empresag.tipo_pregunta (id, nombre, descripcion) VALUES (2, 'Selección Simple', 'Sólo se puede seleccioanr una opción');
INSERT INTO empresag.tipo_pregunta (id, nombre, descripcion) VALUES (3, 'Selección Múltiple', null);
INSERT INTO empresag.tipo_pregunta (id, nombre, descripcion) VALUES (4, 'Verdadero y Falso', null);
INSERT INTO empresag.tipo_pregunta (id, nombre, descripcion) VALUES (5, 'Rango', 'Rango de valores numéricos');

INSERT INTO empresag.pregunta (id, pregunta, status, fk_tipo) VALUES (1, '¿Qué talla de zapatos suele usar usted?', 1, 1);
INSERT INTO empresag.pregunta (id, pregunta, status, fk_tipo) VALUES (2, '¿Cuál es tu categoría favorita de videojuegos?', 1, 2);
INSERT INTO empresag.pregunta (id, pregunta, status, fk_tipo) VALUES (3, '¿Cuál es tu género favorito de anime?', 1, 2);
INSERT INTO empresag.pregunta (id, pregunta, status, fk_tipo) VALUES (4, '¿Prefieres los headsets o los earbuds?', 1, 2);
INSERT INTO empresag.pregunta (id, pregunta, status, fk_tipo) VALUES (5, '¿Prefieres Intel o NVIDIA?', 1, 2);
INSERT INTO empresag.pregunta (id, pregunta, status, fk_tipo) VALUES (6, '¿Cuál es tu velocidad de internet? (Mb/s)', 1, 5);
INSERT INTO empresag.pregunta (id, pregunta, status, fk_tipo) VALUES (7, '¿Qué opinas del servicio de internet de tu país?', 1, 1);
INSERT INTO empresag.pregunta (id, pregunta, status, fk_tipo) VALUES (8, '¿Utilizas automóvil eléctrico o mecánico?', 1, 2);
INSERT INTO empresag.pregunta (id, pregunta, status, fk_tipo) VALUES (9, 'Si sabe qué es el Net Neutrality, ¿Qué opinas de él?', 1, 1);
INSERT INTO empresag.pregunta (id, pregunta, status, fk_tipo) VALUES (10, 'Seleccione el rango de precio mínimo y máximo por el cuál usted pagaría por un carro ($)', 1, 5);
INSERT INTO empresag.pregunta (id, pregunta, status, fk_tipo) VALUES (11, 'Seleccione qué animes de los siguientes ha visto', 1, 3);
INSERT INTO empresag.pregunta (id, pregunta, status, fk_tipo) VALUES (12, '¿Está usted familiarizado con el lenguaje de programación Python?', 1, 4);
INSERT INTO empresag.pregunta (id, pregunta, status, fk_tipo) VALUES (13, '¿De qué precio fue la pieza más cara que ha comprado? ($)', 1, 1);
INSERT INTO empresag.pregunta (id, pregunta, status, fk_tipo) VALUES (14, '¿Prefiere usted FPS o TPS?', 1, 2);
INSERT INTO empresag.pregunta (id, pregunta, status, fk_tipo) VALUES (15, '¿Qué procesador tiene?', 1, 2);
INSERT INTO empresag.pregunta (id, pregunta, status, fk_tipo) VALUES (16, '¿Maneja automóvil automático o sincrónico?', 1, 2);
INSERT INTO empresag.pregunta (id, pregunta, status, fk_tipo) VALUES (17, '¿Cuál es tu arma favorita?', 1, 2);
INSERT INTO empresag.pregunta (id, pregunta, status, fk_tipo) VALUES (18, '¿De cuántas líneas de código ha sido el proyecto más largo que ha escrito?', 1, 1);
INSERT INTO empresag.pregunta (id, pregunta, status, fk_tipo) VALUES (19, '¿Tiene un grupo de amigos para jugar en línea?', 1, 4);
INSERT INTO empresag.pregunta (id, pregunta, status, fk_tipo) VALUES (20, '¿Qué tan seguido se le daña el carro?', 1, 2);
INSERT INTO empresag.pregunta (id, pregunta, status, fk_tipo) VALUES (21, '¿Alguna vez ha comprado en una tienda underground?', 1, 4);
INSERT INTO empresag.pregunta (id, pregunta, status, fk_tipo) VALUES (22, '¿Se considera usted un buen jugador?', 1, 4);

INSERT INTO empresag.pregunta_cat_subcat (id, fk_pregunta, fk_categoria, fk_subcategoria) VALUES (1, 1, 1, 1);
INSERT INTO empresag.pregunta_cat_subcat (id, fk_pregunta, fk_categoria, fk_subcategoria) VALUES (2, 2, 2, null);
INSERT INTO empresag.pregunta_cat_subcat (id, fk_pregunta, fk_categoria, fk_subcategoria) VALUES (3, 3, 4, 4);
INSERT INTO empresag.pregunta_cat_subcat (id, fk_pregunta, fk_categoria, fk_subcategoria) VALUES (4, 4, 3, 5);
INSERT INTO empresag.pregunta_cat_subcat (id, fk_pregunta, fk_categoria, fk_subcategoria) VALUES (5, 5, 3, 5);
INSERT INTO empresag.pregunta_cat_subcat (id, fk_pregunta, fk_categoria, fk_subcategoria) VALUES (6, 6, 3, 5);
INSERT INTO empresag.pregunta_cat_subcat (id, fk_pregunta, fk_categoria, fk_subcategoria) VALUES (7, 7, 3, 5);
INSERT INTO empresag.pregunta_cat_subcat (id, fk_pregunta, fk_categoria, fk_subcategoria) VALUES (8, 8, 5, 6);
INSERT INTO empresag.pregunta_cat_subcat (id, fk_pregunta, fk_categoria, fk_subcategoria) VALUES (9, 9, 3, null);
INSERT INTO empresag.pregunta_cat_subcat (id, fk_pregunta, fk_categoria, fk_subcategoria) VALUES (10, 10, 5, 6);
INSERT INTO empresag.pregunta_cat_subcat (id, fk_pregunta, fk_categoria, fk_subcategoria) VALUES (11, 11, 4, 4);
INSERT INTO empresag.pregunta_cat_subcat (id, fk_pregunta, fk_categoria, fk_subcategoria) VALUES (12, 12, 3, 3);
INSERT INTO empresag.pregunta_cat_subcat (id, fk_pregunta, fk_categoria, fk_subcategoria) VALUES (13, 13, 5, 6);
INSERT INTO empresag.pregunta_cat_subcat (id, fk_pregunta, fk_categoria, fk_subcategoria) VALUES (14, 14, 2, 2);
INSERT INTO empresag.pregunta_cat_subcat (id, fk_pregunta, fk_categoria, fk_subcategoria) VALUES (15, 15, 3, 5);
INSERT INTO empresag.pregunta_cat_subcat (id, fk_pregunta, fk_categoria, fk_subcategoria) VALUES (16, 16, 5, 6);
INSERT INTO empresag.pregunta_cat_subcat (id, fk_pregunta, fk_categoria, fk_subcategoria) VALUES (17, 17, 2, 2);
INSERT INTO empresag.pregunta_cat_subcat (id, fk_pregunta, fk_categoria, fk_subcategoria) VALUES (18, 18, 3, 3);
INSERT INTO empresag.pregunta_cat_subcat (id, fk_pregunta, fk_categoria, fk_subcategoria) VALUES (19, 19, 2, 2);
INSERT INTO empresag.pregunta_cat_subcat (id, fk_pregunta, fk_categoria, fk_subcategoria) VALUES (20, 20, 5, 6);
INSERT INTO empresag.pregunta_cat_subcat (id, fk_pregunta, fk_categoria, fk_subcategoria) VALUES (21, 21, 1, 1);
INSERT INTO empresag.pregunta_cat_subcat (id, fk_pregunta, fk_categoria, fk_subcategoria) VALUES (22, 22, 2, 2);

INSERT INTO empresag.opcion (id, valor, rango_inicial, rango_final) VALUES (1, 'Shooter', null, null);
INSERT INTO empresag.opcion (id, valor, rango_inicial, rango_final) VALUES (2, 'Deportes', null, null);
INSERT INTO empresag.opcion (id, valor, rango_inicial, rango_final) VALUES (3, 'Estrategia', null, null);
INSERT INTO empresag.opcion (id, valor, rango_inicial, rango_final) VALUES (4, 'RPG', null, null);
INSERT INTO empresag.opcion (id, valor, rango_inicial, rango_final) VALUES (5, 'Shonen', null, null);
INSERT INTO empresag.opcion (id, valor, rango_inicial, rango_final) VALUES (6, 'Seinen', null, null);
INSERT INTO empresag.opcion (id, valor, rango_inicial, rango_final) VALUES (7, 'Shojo', null, null);
INSERT INTO empresag.opcion (id, valor, rango_inicial, rango_final) VALUES (8, 'Isekai', null, null);
INSERT INTO empresag.opcion (id, valor, rango_inicial, rango_final) VALUES (9, 'Ecchi', null, null);
INSERT INTO empresag.opcion (id, valor, rango_inicial, rango_final) VALUES (10, 'Headsets', null, null);
INSERT INTO empresag.opcion (id, valor, rango_inicial, rango_final) VALUES (11, 'Earbuds', null, null);
INSERT INTO empresag.opcion (id, valor, rango_inicial, rango_final) VALUES (12, 'Intel', null, null);
INSERT INTO empresag.opcion (id, valor, rango_inicial, rango_final) VALUES (13, 'NVIDIA', null, null);
INSERT INTO empresag.opcion (id, valor, rango_inicial, rango_final) VALUES (14, null, 1, 100);
INSERT INTO empresag.opcion (id, valor, rango_inicial, rango_final) VALUES (15, 'Mecánico', null, null);
INSERT INTO empresag.opcion (id, valor, rango_inicial, rango_final) VALUES (16, 'Eléctrico', null, null);
INSERT INTO empresag.opcion (id, valor, rango_inicial, rango_final) VALUES (17, null, 500, 100000);
INSERT INTO empresag.opcion (id, valor, rango_inicial, rango_final) VALUES (18, 'Naruto', null, null);
INSERT INTO empresag.opcion (id, valor, rango_inicial, rango_final) VALUES (19, 'Dragon Ball', null, null);
INSERT INTO empresag.opcion (id, valor, rango_inicial, rango_final) VALUES (20, 'Full Metal Alchemist', null, null);
INSERT INTO empresag.opcion (id, valor, rango_inicial, rango_final) VALUES (21, 'Death Note', null, null);
INSERT INTO empresag.opcion (id, valor, rango_inicial, rango_final) VALUES (22, 'Shingeki No Kyojin', null, null);
INSERT INTO empresag.opcion (id, valor, rango_inicial, rango_final) VALUES (23, 'Sword Art Online', null, null);
INSERT INTO empresag.opcion (id, valor, rango_inicial, rango_final) VALUES (24, 'Verdadero', null, null);
INSERT INTO empresag.opcion (id, valor, rango_inicial, rango_final) VALUES (25, 'Falso', null, null);
INSERT INTO empresag.opcion (id, valor, rango_inicial, rango_final) VALUES (26, 'FPS', null, null);
INSERT INTO empresag.opcion (id, valor, rango_inicial, rango_final) VALUES (27, 'TPS', null, null);
INSERT INTO empresag.opcion (id, valor, rango_inicial, rango_final) VALUES (28, 'Intel', null, null);
INSERT INTO empresag.opcion (id, valor, rango_inicial, rango_final) VALUES (29, 'AMD', null, null);
INSERT INTO empresag.opcion (id, valor, rango_inicial, rango_final) VALUES (30, 'Otro', null, null);
INSERT INTO empresag.opcion (id, valor, rango_inicial, rango_final) VALUES (31, 'Automático', null, null);
INSERT INTO empresag.opcion (id, valor, rango_inicial, rango_final) VALUES (32, 'Sincrónico', null, null);
INSERT INTO empresag.opcion (id, valor, rango_inicial, rango_final) VALUES (33, 'Sniper', null, null);
INSERT INTO empresag.opcion (id, valor, rango_inicial, rango_final) VALUES (34, 'AK-47', null, null);
INSERT INTO empresag.opcion (id, valor, rango_inicial, rango_final) VALUES (35, 'AR-15', null, null);
INSERT INTO empresag.opcion (id, valor, rango_inicial, rango_final) VALUES (36, 'Glock', null, null);
INSERT INTO empresag.opcion (id, valor, rango_inicial, rango_final) VALUES (37, 'Escopeta', null, null);
INSERT INTO empresag.opcion (id, valor, rango_inicial, rango_final) VALUES (38, 'Verdadero', null, null);
INSERT INTO empresag.opcion (id, valor, rango_inicial, rango_final) VALUES (39, 'Falso', null, null);
INSERT INTO empresag.opcion (id, valor, rango_inicial, rango_final) VALUES (40, 'Una vez al mes o más seguido', null, null);
INSERT INTO empresag.opcion (id, valor, rango_inicial, rango_final) VALUES (41, 'Cada dos-cinco meses', null, null);
INSERT INTO empresag.opcion (id, valor, rango_inicial, rango_final) VALUES (42, 'Cada seis-nueve meses', null, null);
INSERT INTO empresag.opcion (id, valor, rango_inicial, rango_final) VALUES (43, 'Una vez al año', null, null);
INSERT INTO empresag.opcion (id, valor, rango_inicial, rango_final) VALUES (44, 'Menos de una vez al año', null, null);
INSERT INTO empresag.opcion (id, valor, rango_inicial, rango_final) VALUES (45, 'Verdadero', null, null);
INSERT INTO empresag.opcion (id, valor, rango_inicial, rango_final) VALUES (46, 'Falso', null, null);
INSERT INTO empresag.opcion (id, valor, rango_inicial, rango_final) VALUES (47, 'Verdadero', null, null);
INSERT INTO empresag.opcion (id, valor, rango_inicial, rango_final) VALUES (48, 'Falso', null, null);

INSERT INTO empresag.posible_respuesta (id, fk_pregunta, fk_opcion) VALUES (1, 2, 1);
INSERT INTO empresag.posible_respuesta (id, fk_pregunta, fk_opcion) VALUES (2, 2, 2);
INSERT INTO empresag.posible_respuesta (id, fk_pregunta, fk_opcion) VALUES (3, 2, 3);
INSERT INTO empresag.posible_respuesta (id, fk_pregunta, fk_opcion) VALUES (4, 2, 4);
INSERT INTO empresag.posible_respuesta (id, fk_pregunta, fk_opcion) VALUES (5, 3, 5);
INSERT INTO empresag.posible_respuesta (id, fk_pregunta, fk_opcion) VALUES (6, 3, 6);
INSERT INTO empresag.posible_respuesta (id, fk_pregunta, fk_opcion) VALUES (7, 3, 7);
INSERT INTO empresag.posible_respuesta (id, fk_pregunta, fk_opcion) VALUES (8, 3, 8);
INSERT INTO empresag.posible_respuesta (id, fk_pregunta, fk_opcion) VALUES (9, 3, 9);
INSERT INTO empresag.posible_respuesta (id, fk_pregunta, fk_opcion) VALUES (10, 4, 10);
INSERT INTO empresag.posible_respuesta (id, fk_pregunta, fk_opcion) VALUES (11, 4, 11);
INSERT INTO empresag.posible_respuesta (id, fk_pregunta, fk_opcion) VALUES (12, 5, 12);
INSERT INTO empresag.posible_respuesta (id, fk_pregunta, fk_opcion) VALUES (13, 5, 13);
INSERT INTO empresag.posible_respuesta (id, fk_pregunta, fk_opcion) VALUES (14, 6, 14);
INSERT INTO empresag.posible_respuesta (id, fk_pregunta, fk_opcion) VALUES (15, 8, 15);
INSERT INTO empresag.posible_respuesta (id, fk_pregunta, fk_opcion) VALUES (16, 8, 16);
INSERT INTO empresag.posible_respuesta (id, fk_pregunta, fk_opcion) VALUES (17, 10, 17);
INSERT INTO empresag.posible_respuesta (id, fk_pregunta, fk_opcion) VALUES (18, 11, 18);
INSERT INTO empresag.posible_respuesta (id, fk_pregunta, fk_opcion) VALUES (19, 11, 19);
INSERT INTO empresag.posible_respuesta (id, fk_pregunta, fk_opcion) VALUES (20, 11, 20);
INSERT INTO empresag.posible_respuesta (id, fk_pregunta, fk_opcion) VALUES (21, 11, 21);
INSERT INTO empresag.posible_respuesta (id, fk_pregunta, fk_opcion) VALUES (22, 11, 22);
INSERT INTO empresag.posible_respuesta (id, fk_pregunta, fk_opcion) VALUES (23, 11, 23);
INSERT INTO empresag.posible_respuesta (id, fk_pregunta, fk_opcion) VALUES (24, 12, 24);
INSERT INTO empresag.posible_respuesta (id, fk_pregunta, fk_opcion) VALUES (25, 12, 25);
INSERT INTO empresag.posible_respuesta (id, fk_pregunta, fk_opcion) VALUES (26, 14, 26);
INSERT INTO empresag.posible_respuesta (id, fk_pregunta, fk_opcion) VALUES (27, 14, 27);
INSERT INTO empresag.posible_respuesta (id, fk_pregunta, fk_opcion) VALUES (28, 15, 28);
INSERT INTO empresag.posible_respuesta (id, fk_pregunta, fk_opcion) VALUES (29, 15, 29);
INSERT INTO empresag.posible_respuesta (id, fk_pregunta, fk_opcion) VALUES (30, 15, 30);
INSERT INTO empresag.posible_respuesta (id, fk_pregunta, fk_opcion) VALUES (31, 16, 31);
INSERT INTO empresag.posible_respuesta (id, fk_pregunta, fk_opcion) VALUES (32, 16, 32);
INSERT INTO empresag.posible_respuesta (id, fk_pregunta, fk_opcion) VALUES (33, 17, 33);
INSERT INTO empresag.posible_respuesta (id, fk_pregunta, fk_opcion) VALUES (34, 17, 34);
INSERT INTO empresag.posible_respuesta (id, fk_pregunta, fk_opcion) VALUES (35, 17, 35);
INSERT INTO empresag.posible_respuesta (id, fk_pregunta, fk_opcion) VALUES (36, 17, 36);
INSERT INTO empresag.posible_respuesta (id, fk_pregunta, fk_opcion) VALUES (37, 17, 37);
INSERT INTO empresag.posible_respuesta (id, fk_pregunta, fk_opcion) VALUES (38, 19, 38);
INSERT INTO empresag.posible_respuesta (id, fk_pregunta, fk_opcion) VALUES (39, 19, 39);
INSERT INTO empresag.posible_respuesta (id, fk_pregunta, fk_opcion) VALUES (40, 20, 40);
INSERT INTO empresag.posible_respuesta (id, fk_pregunta, fk_opcion) VALUES (41, 20, 41);
INSERT INTO empresag.posible_respuesta (id, fk_pregunta, fk_opcion) VALUES (42, 20, 42);
INSERT INTO empresag.posible_respuesta (id, fk_pregunta, fk_opcion) VALUES (43, 20, 43);
INSERT INTO empresag.posible_respuesta (id, fk_pregunta, fk_opcion) VALUES (44, 20, 44);
INSERT INTO empresag.posible_respuesta (id, fk_pregunta, fk_opcion) VALUES (45, 21, 45);
INSERT INTO empresag.posible_respuesta (id, fk_pregunta, fk_opcion) VALUES (46, 21, 46);
INSERT INTO empresag.posible_respuesta (id, fk_pregunta, fk_opcion) VALUES (47, 22, 47);
INSERT INTO empresag.posible_respuesta (id, fk_pregunta, fk_opcion) VALUES (48, 22, 48);

INSERT INTO empresag.lugar (id, nombre, tipo, fk_nivel_socioeconomico, fk_lugar) VALUES (525, 'Estados Unidos', 1, null, null);
INSERT INTO empresag.lugar (id, nombre, tipo, fk_nivel_socioeconomico, fk_lugar) VALUES (526, 'Louisiana', 2, null, 525);
INSERT INTO empresag.lugar (id, nombre, tipo, fk_nivel_socioeconomico, fk_lugar) VALUES (527, 'California', 2, null, 525);
INSERT INTO empresag.lugar (id, nombre, tipo, fk_nivel_socioeconomico, fk_lugar) VALUES (528, 'Florida', 2, null, 525);
INSERT INTO empresag.lugar (id, nombre, tipo, fk_nivel_socioeconomico, fk_lugar) VALUES (529, 'Alabama', 2, null, 525);
INSERT INTO empresag.lugar (id, nombre, tipo, fk_nivel_socioeconomico, fk_lugar) VALUES (530, 'Arkansas', 2, null, 525);
INSERT INTO empresag.lugar (id, nombre, tipo, fk_nivel_socioeconomico, fk_lugar) VALUES (531, 'Ohio', 2, null, 525);
INSERT INTO empresag.lugar (id, nombre, tipo, fk_nivel_socioeconomico, fk_lugar) VALUES (532, 'Alaska', 2, null, 525);
INSERT INTO empresag.lugar (id, nombre, tipo, fk_nivel_socioeconomico, fk_lugar) VALUES (533, 'Texas', 2, null, 525);
INSERT INTO empresag.lugar (id, nombre, tipo, fk_nivel_socioeconomico, fk_lugar) VALUES (534, 'Washington', 2, null, 525);
INSERT INTO empresag.lugar (id, nombre, tipo, fk_nivel_socioeconomico, fk_lugar) VALUES (535, 'Oregon', 2, null, 525);
INSERT INTO empresag.lugar (id, nombre, tipo, fk_nivel_socioeconomico, fk_lugar) VALUES (536, 'Virginia', 2, null, 525);
INSERT INTO empresag.lugar (id, nombre, tipo, fk_nivel_socioeconomico, fk_lugar) VALUES (537, 'West Virginia', 2, null, 525);
INSERT INTO empresag.lugar (id, nombre, tipo, fk_nivel_socioeconomico, fk_lugar) VALUES (538, 'South Dakota', 2, null, 525);
INSERT INTO empresag.lugar (id, nombre, tipo, fk_nivel_socioeconomico, fk_lugar) VALUES (539, 'North Dakota', 2, null, 525);
INSERT INTO empresag.lugar (id, nombre, tipo, fk_nivel_socioeconomico, fk_lugar) VALUES (540, 'North Carolina', 2, null, 525);
INSERT INTO empresag.lugar (id, nombre, tipo, fk_nivel_socioeconomico, fk_lugar) VALUES (541, 'South Carolina', 2, null, 525);
INSERT INTO empresag.lugar (id, nombre, tipo, fk_nivel_socioeconomico, fk_lugar) VALUES (542, 'Kansas', 2, null, 525);
INSERT INTO empresag.lugar (id, nombre, tipo, fk_nivel_socioeconomico, fk_lugar) VALUES (543, 'Nebraska', 2, null, 525);
INSERT INTO empresag.lugar (id, nombre, tipo, fk_nivel_socioeconomico, fk_lugar) VALUES (544, 'Delaware', 2, null, 525);
INSERT INTO empresag.lugar (id, nombre, tipo, fk_nivel_socioeconomico, fk_lugar) VALUES (545, 'Vermont', 2, null, 525);
INSERT INTO empresag.lugar (id, nombre, tipo, fk_nivel_socioeconomico, fk_lugar) VALUES (546, 'Distrct of Columbia', 2, null, 525);
INSERT INTO empresag.lugar (id, nombre, tipo, fk_nivel_socioeconomico, fk_lugar) VALUES (547, 'Tennessee', 2, null, 525);
INSERT INTO empresag.lugar (id, nombre, tipo, fk_nivel_socioeconomico, fk_lugar) VALUES (548, 'Massachusetts', 2, null, 525);
INSERT INTO empresag.lugar (id, nombre, tipo, fk_nivel_socioeconomico, fk_lugar) VALUES (549, 'Hawaii', 2, null, 525);
INSERT INTO empresag.lugar (id, nombre, tipo, fk_nivel_socioeconomico, fk_lugar) VALUES (550, 'Minnesotta', 2, null, 525);
INSERT INTO empresag.lugar (id, nombre, tipo, fk_nivel_socioeconomico, fk_lugar) VALUES (551, 'Maryland', 2, null, 525);
INSERT INTO empresag.lugar (id, nombre, tipo, fk_nivel_socioeconomico, fk_lugar) VALUES (552, 'Michigan', 2, null, 525);
INSERT INTO empresag.lugar (id, nombre, tipo, fk_nivel_socioeconomico, fk_lugar) VALUES (553, 'Iowa', 2, null, 525);
INSERT INTO empresag.lugar (id, nombre, tipo, fk_nivel_socioeconomico, fk_lugar) VALUES (554, 'Idaho', 2, null, 525);
INSERT INTO empresag.lugar (id, nombre, tipo, fk_nivel_socioeconomico, fk_lugar) VALUES (555, 'Ohio', 2, null, 525);
INSERT INTO empresag.lugar (id, nombre, tipo, fk_nivel_socioeconomico, fk_lugar) VALUES (556, 'Pennsylvania', 2, null, 525);
INSERT INTO empresag.lugar (id, nombre, tipo, fk_nivel_socioeconomico, fk_lugar) VALUES (557, 'Montana', 2, null, 525);
INSERT INTO empresag.lugar (id, nombre, tipo, fk_nivel_socioeconomico, fk_lugar) VALUES (558, 'Rhode Island', 2, null, 525);
INSERT INTO empresag.lugar (id, nombre, tipo, fk_nivel_socioeconomico, fk_lugar) VALUES (559, 'Maine', 2, null, 525);
INSERT INTO empresag.lugar (id, nombre, tipo, fk_nivel_socioeconomico, fk_lugar) VALUES (560, 'Nevada', 2, null, 525);

INSERT INTO empresag.nivel_socioeconomico (id, nombre) VALUES (1, 'Alto');
INSERT INTO empresag.nivel_socioeconomico (id, nombre) VALUES (2, 'Medio-Alto');
INSERT INTO empresag.nivel_socioeconomico (id, nombre) VALUES (3, 'Medio');
INSERT INTO empresag.nivel_socioeconomico (id, nombre) VALUES (4, 'Medio-Bajo');
INSERT INTO empresag.nivel_socioeconomico (id, nombre) VALUES (5, 'Bajo');
INSERT INTO empresag.nivel_socioeconomico (id, nombre) VALUES (6, 'Extrema Pobreza');

INSERT INTO empresag.nivel_academico (id, nombre) VALUES (1, 'Ninguno');
INSERT INTO empresag.nivel_academico (id, nombre) VALUES (2, 'Primaria');
INSERT INTO empresag.nivel_academico (id, nombre) VALUES (3, 'Secundaria');
INSERT INTO empresag.nivel_academico (id, nombre) VALUES (4, 'Técnico Superior');
INSERT INTO empresag.nivel_academico (id, nombre) VALUES (5, 'Universitario');
INSERT INTO empresag.nivel_academico (id, nombre) VALUES (6, 'Maestría');
INSERT INTO empresag.nivel_academico (id, nombre) VALUES (7, 'Doctorado');

INSERT INTO empresag.genero (id, nombre) VALUES (1, 'Masculino');
INSERT INTO empresag.genero (id, nombre) VALUES (2, 'Femenino');
INSERT INTO empresag.genero (id, nombre) VALUES (3, 'Otro');

INSERT INTO empresag.edo_civil (id, nombre) VALUES (1, 'Soltero');
INSERT INTO empresag.edo_civil (id, nombre) VALUES (2, 'Casado');
INSERT INTO empresag.edo_civil (id, nombre) VALUES (3, 'Divorciado');
INSERT INTO empresag.edo_civil (id, nombre) VALUES (4, 'Unión libre o Concubinato');
INSERT INTO empresag.edo_civil (id, nombre) VALUES (5, 'Separado');
INSERT INTO empresag.edo_civil (id, nombre) VALUES (6, 'Viudo');

INSERT INTO empresag.estudio (id, fecha_realizacion, fecha_culminacion, estado, fk_analisis) VALUES (1, '2020-12-04', null, 1, null);
INSERT INTO empresag.estudio (id, fecha_realizacion, fecha_culminacion, estado, fk_analisis) VALUES (2, '2020-07-02', null, 1, null);
INSERT INTO empresag.estudio (id, fecha_realizacion, fecha_culminacion, estado, fk_analisis) VALUES (3, '2020-07-03', null, 1, null);
INSERT INTO empresag.estudio (id, fecha_realizacion, fecha_culminacion, estado, fk_analisis) VALUES (4, '2018-03-02', null, 1, null);
INSERT INTO empresag.estudio (id, fecha_realizacion, fecha_culminacion, estado, fk_analisis) VALUES (5, '2017-03-03', null, 1, null);
INSERT INTO empresag.estudio (id, fecha_realizacion, fecha_culminacion, estado, fk_analisis) VALUES (6, '2020-06-05', null, 1, null);

INSERT INTO empresag.filtro (id, fk_estudio, tipo_filtro_lugar, edad_minima, edad_maxima, fk_nivel_socioeconomico, fk_edo_civil, fk_nivel_academico, fk_genero, fk_lugar, fk_categoria, fk_subcategoria) VALUES (1, 1, 1, 15, 45, 3, null, 2, 1, 1, 1, 1);
INSERT INTO empresag.filtro (id, fk_estudio, tipo_filtro_lugar, edad_minima, edad_maxima, fk_nivel_socioeconomico, fk_edo_civil, fk_nivel_academico, fk_genero, fk_lugar, fk_categoria, fk_subcategoria) VALUES (2, 2, 1, null, null, 3, null, 2, 1, 1, 2, 2);
INSERT INTO empresag.filtro (id, fk_estudio, tipo_filtro_lugar, edad_minima, edad_maxima, fk_nivel_socioeconomico, fk_edo_civil, fk_nivel_academico, fk_genero, fk_lugar, fk_categoria, fk_subcategoria) VALUES (3, 3, 2, 14, 28, 3, null, 2,  null, 2, 3, 3);
INSERT INTO empresag.filtro (id, fk_estudio, tipo_filtro_lugar, edad_minima, edad_maxima, fk_nivel_socioeconomico, fk_edo_civil, fk_nivel_academico, fk_genero, fk_lugar, fk_categoria, fk_subcategoria) VALUES (4, 4, 2, 14, 28, 3, null, null, null, 3, 5, 6);
INSERT INTO empresag.filtro (id, fk_estudio, tipo_filtro_lugar, edad_minima, edad_maxima, fk_nivel_socioeconomico, fk_edo_civil, fk_nivel_academico, fk_genero, fk_lugar, fk_categoria, fk_subcategoria) VALUES (5, 5, null, null, null, 3, null, 1, null, null, 4, 4);
INSERT INTO empresag.filtro (id, fk_estudio, tipo_filtro_lugar, edad_minima, edad_maxima, fk_nivel_socioeconomico, fk_edo_civil, fk_nivel_academico, fk_genero, fk_lugar, fk_categoria, fk_subcategoria) VALUES (6, 6, 1, 1, 100, 3, 1, 2, 1, 1, 5, 6);


INSERT INTO empresag.pregunta_estudio (id, requerido, fk_estudio, fk_pregunta) VALUES (1, 1, 1, 1);
INSERT INTO empresag.pregunta_estudio (id, requerido, fk_estudio, fk_pregunta) VALUES (2, 1, 1, 13);
INSERT INTO empresag.pregunta_estudio (id, requerido, fk_estudio, fk_pregunta) VALUES (3, 1, 1, 21);


INSERT INTO empresag.rol (id, nombre) VALUES (1, 'Administrador');
INSERT INTO empresag.rol (id, nombre) VALUES (2, 'Analista');
INSERT INTO empresag.rol (id, nombre) VALUES (3, 'Cliente');
INSERT INTO empresag.rol (id, nombre) VALUES (4, 'Encuestado');

INSERT INTO empresag.persona (id, documento_identidad, primer_nombre, segundo_nombre, primer_apellido, segundo_apellido, fecha_nacimiento, fk_genero, fk_edo_civil, fk_persona, fk_lugar, numero_personas_encasa, fk_disponibilidad_inicial, fk_disponibilidad_final) VALUES (1, 'DF4G5E5F63', 'Frank', null, 'Hesse', null, '1999-01-08', 1, 1, null, 1, 2, null, null);
INSERT INTO empresag.persona (id, documento_identidad, primer_nombre, segundo_nombre, primer_apellido, segundo_apellido, fecha_nacimiento, fk_genero, fk_edo_civil, fk_persona, fk_lugar, numero_personas_encasa, fk_disponibilidad_inicial, fk_disponibilidad_final) VALUES (2, 'W56D6F5G4W', 'Tate', null, 'Langdon', null, '1997-07-09', 1, 1, null, 1, 3, null, null);
INSERT INTO empresag.persona (id, documento_identidad, primer_nombre, segundo_nombre, primer_apellido, segundo_apellido, fecha_nacimiento, fk_genero, fk_edo_civil, fk_persona, fk_lugar, numero_personas_encasa, fk_disponibilidad_inicial, fk_disponibilidad_final) VALUES (3, 'GF5R56D6W4', 'Edward', null, 'Meyer', null, '1986-07-02', 1, 2, null, 1, 3, null, null);
INSERT INTO empresag.persona (id, documento_identidad, primer_nombre, segundo_nombre, primer_apellido, segundo_apellido, fecha_nacimiento, fk_genero, fk_edo_civil, fk_persona, fk_lugar, numero_personas_encasa, fk_disponibilidad_inicial, fk_disponibilidad_final) VALUES (4, 'DF4R5E8W7R', 'Nathan', null, 'Graves', null, '2000-06-08', 1, 3, null, 1, 1, null, null);
INSERT INTO empresag.persona (id, documento_identidad, primer_nombre, segundo_nombre, primer_apellido, segundo_apellido, fecha_nacimiento, fk_genero, fk_edo_civil, fk_persona, fk_lugar, numero_personas_encasa, fk_disponibilidad_inicial, fk_disponibilidad_final) VALUES (5, 'DVFD5R65G4', 'Nick', null, 'Kromaneyer', null, '1997-06-10', 1, 1, null, 1, null, null, null);

INSERT INTO empresag.usuario (id, email, password, estado, fk_persona, fk_rol) VALUES (1, 'hyperschnell11@outlook.sk', '123456789', 1, 1, 1);
INSERT INTO empresag.usuario (id, email, password, estado, fk_persona, fk_rol) VALUES (2, 'tatelangdon@gmail.ca', '123456789', 1, 2, 2);
INSERT INTO empresag.usuario (id, email, password, estado, fk_persona, fk_rol) VALUES (3, 'eternalwaltz@gmail.ca', '123456789', 1, 3, 3);
INSERT INTO empresag.usuario (id, email, password, estado, fk_persona, fk_rol) VALUES (4, 'saintfaline@gmail.ca', '123456789', 1, 4, 4);
INSERT INTO empresag.usuario (id, email, password, estado, fk_persona, fk_rol) VALUES (5, 'yungtricky@gmail.ca', '123456789', 1, 5, 3);